項目,値
electron_density_m3,4.976024676575149e+16
electron_temperature_ev,3.7954997727990376
electronegativity,0.40787336933024415
total_plasma_absorbed_power_w,500.0
reduced_energy_loss_w,499.99999999999983
gas_temperature_k,300.0
residence_time_s,0.04717676936561773

O₂ species / 粒子密度
species,density_m3
O2,2.4452992209887012e+20
O2_a,2.8747753922075255e+19
O,4.468935812281427e+19
O_1D,2.63067867271929e+18
O3,1.2856150509529866e+18
O-,1.9462029596671376e+16
O2-,533828598601493.75
O3-,300021311778574.9
O+,1.2223384629660148e+16
O2+,5.783274164314278e+16
e,4.976024676575149e+16

Reduced energy budget / 縮約エネルギー収支
channel,power_w
ionization,49.90031391698175
excitation,342.8937808409606
elastic,0.165015164833543
electron_wall,29.129649582446184
ion_wall,77.9112404947778
total,499.99999999999983

O₂ wall transport / 壁輸送
reaction,rate_s^-1
k50,127581.42416624323
k51,90213.69018138785
k52,1192.1116117417205
k53,1192.1116117417205
k54,41.242501438362986
