case_id,family,converged,source_domain_valid,pressure_mtorr,power_w,hL,hR,diffusion_scale,gamma_o,gamma_meta,nu_s,ne_m3,te_ev,alpha,n_O2plus_m3,n_O_m3,loss_total_w,loss_ionization_w,loss_excitation_w,loss_elastic_w,loss_electron_wall_w,loss_ion_wall_w,energy_residual_rel,particle_residual_rel,atoms_residual_rel,charge_residual_rel,pressure_residual_rel,nfev,error,reference_o2plus_density_m3,reference_deviation_rel
baseline,baseline,1,1,10.0,500.0,0.2,0.2,1,0.17,0.007,10000000.0,8.572558407021154e+16,3.5385270780260014,0.19600590326505232,6.186260571046462e+16,3.374763704005209e+19,500.00000000000006,48.17349312136227,371.05991147863153,0.4136695788749595,19.25468046732378,61.09824535380752,1.1368683772161603e-16,1.6035557402318076e-14,-1.2981824731619293e-13,4.40427159819792e-17,-6.108051675201186e-16,9,,5.7e+16,0.08530887211341454
oat-hL-0.05,hL,1,1,10.0,500.0,0.05,0.05,1,0.17,0.007,10000000.0,1.3558161607787178e+17,3.085625668508082,0.11765188872720138,4.8991918975647976e+16,3.2523504440934756e+19,499.9999999999999,35.61264484249134,432.90296256438023,0.5705118283080182,6.370450309899174,24.54343045492112,-2.2737367544323206e-16,1.3509256623656126e-14,6.458619269463173e-16,1.3249997340243019e-17,0.0,13,,5.7e+16,-0.1404926495500355
oat-hL-0.1,hL,1,1,10.0,500.0,0.1,0.1,1,0.17,0.007,10000000.0,1.1075115910724074e+17,3.2858643699418213,0.14861219314193813,5.836944608611436e+16,3.352154341357511e+19,500.00000000000017,41.68894166822574,407.07520124304364,0.49627057021401466,11.238293523951699,39.501292994565084,3.410605131648481e-16,2.2333544815149632e-14,1.679241010060425e-15,3.623433869930194e-18,2.0360172250670616e-16,13,,5.7e+16,0.02402536993183091
oat-hL-0.4,hL,1,1,10.0,500.0,0.4,0.4,1,0.17,0.007,10000000.0,6.0149500152669864e+16,3.906985660450877,0.2733360593691165,5.4718567806747384e+16,3.328495918170461e+19,500.0000000000096,56.007771765948966,321.3619440478275,0.32047521535496654,32.05671163984288,90.25309733103532,1.921307557495311e-14,2.8746533271891157e-12,-2.887752013201905e-11,1.815661865035196e-17,-1.191070076664231e-13,8,,5.7e+16,-0.040025126197414274
oat-diffusion_scale-0.5,diffusion_scale,1,1,10.0,500.0,0.2,0.2,0.5,0.17,0.007,10000000.0,9.216006645018709e+16,3.4800125665844943,0.15483679817529983,5.416284252438597e+16,4.3401677063538115e+19,500.0000000000168,49.39439360366013,366.0641841753506,0.4373651749724165,20.14878557452648,63.95527147150723,3.365130396559834e-14,4.0924888592341235e-12,-4.144689743620818e-11,-1.1744826885832663e-18,-1.6756421762301918e-13,9,,5.7e+16,-0.04977469255463218
oat-diffusion_scale-2,diffusion_scale,1,1,10.0,500.0,0.2,0.2,2,0.17,0.007,10000000.0,8.220363060157312e+16,3.573430142097188,0.22497037255278876,6.655013617131745e+16,2.810778613149825e+19,499.9999999999993,47.51197684500791,373.66878060192374,0.40058704814472673,18.79850227909196,59.62015322583096,-1.3642420526593924e-15,1.0045214098308127e-14,9.042066977248442e-16,-2.11029101829998e-17,2.0360172250670616e-16,9,,5.7e+16,0.16754624861960443
oat-gamma_o-0.05,gamma_o,1,1,10.0,500.0,0.2,0.2,1,0.05,0.007,10000000.0,1.0692613894258918e+17,3.366154134135953,0.09598721997022897,4.007887972304041e+16,6.22875952144086e+19,500.0000000000001,51.99462497262184,354.39366066075985,0.4908383541710438,22.31844834563525,70.80242766681212,2.2737367544323206e-16,1.9599298202715316e-14,-1.2917238538926344e-16,6.56654441270603e-18,-4.072034450134123e-16,9,,5.7e+16,-0.2968617592449051
oat-gamma_o-0.15,gamma_o,1,1,10.0,500.0,0.2,0.2,1,0.15,0.007,10000000.0,8.713366800929578e+16,3.5251297315800882,0.18579609008945253,6.007848262364021e+16,3.5938557296917877e+19,500.00000000000045,48.441046285318166,369.98857771359275,0.41887236539302747,19.444154315334156,61.707349320362376,9.094947017729283e-16,9.690867861771156e-14,-9.831310251967178e-13,8.771058526554532e-18,-3.664831005120711e-15,9,,5.7e+16,0.05400846708140716
oat-gamma_o-0.19,gamma_o,1,1,10.0,500.0,0.2,0.2,1,0.19,0.007,10000000.0,8.458763329748813e+16,3.549598203776947,0.2048164577278666,6.334436736143705e+16,3.1947924387696435e+19,499.99999999999955,47.958145990868225,371.91416233407557,0.40945547057817466,19.10453555079155,60.613700653686024,-9.094947017729283e-16,1.1828625201660293e-14,-4.004343947067152e-15,6.830302988548261e-17,0.0,9,,5.7e+16,0.11130469055152714
oat-gamma_o-0.5,gamma_o,1,1,10.0,500.0,0.2,0.2,1,0.5,0.007,10000000.0,7.813985203745483e+16,3.616773222227863,0.26613869127927364,7.243483232095141e+16,2.131180796100622e+19,500.00000000000017,46.78384295081863,376.47023808729347,0.38540245011330954,18.32014258776774,58.040373924007,3.410605131648481e-16,1.2322189035849006e-14,-5.166895415570536e-16,-9.949624954555722e-18,2.0360172250670616e-16,9,,5.7e+16,0.2707865319465159
oat-gamma_meta-0.001,gamma_meta,1,1,10.0,500.0,0.2,0.2,1,0.17,0.001,10000000.0,8.628387993719842e+16,3.539633237039665,0.1977022294558383,6.219151693837731e+16,3.389968641082222e+19,500.0,48.291627537142276,370.23688091011894,0.4164937977068594,19.42751456198359,61.62748319304834,0.0,1.7829742385392455e-14,-1.5242341475932858e-14,-2.456941791397337e-17,0.0,9,,5.7e+16,0.09107924453293537
oat-gamma_meta-0.03,gamma_meta,1,1,10.0,500.0,0.2,0.2,1,0.17,0.03,10000000.0,8.427137794929355e+16,3.5354597353960107,0.1912081340897035,6.098043133859246e+16,3.334312820377321e+19,500.00000000000006,47.860147908046066,373.2258382551846,0.40629979098341423,18.800180111436376,59.707533934349584,1.1368683772161603e-16,1.0926111048667723e-14,4.004343947067167e-15,5.782439512849096e-17,-2.0360172250670616e-16,10,,5.7e+16,0.0698321287472361
oat-nu_s-0,nu_s,1,1,10.0,500.0,0.2,0.2,1,0.17,0.007,0.0,8.580857322922005e+16,3.538482845386448,0.195785264938464,6.187473506369447e+16,3.37711701402881e+19,499.9999999999993,48.22064850696135,371.3542886675617,0.0,19.27183126584895,61.153231559627315,-1.3642420526593924e-15,1.1405996417157913e-14,-1.4170210677200195e-13,-1.9491538375058452e-17,-6.108051675201186e-16,9,,5.7e+16,0.08552166778411352
oat-nu_s-1e+08,nu_s,1,1,10.0,500.0,0.2,0.2,1,0.17,0.007,100000000.0,8.498659644146346e+16,3.5389193616450205,0.1979888943544427,6.175282119433861e+16,3.3537375251524817e+19,500.00000000000017,47.75339669794026,368.43433144852656,4.101490517836292,19.102022149203354,60.608759186493685,3.410605131648481e-16,1.3360807225134805e-14,-1.1147576859092195e-13,-2.547562720840295e-17,-6.108051675201186e-16,9,,5.7e+16,0.08338282797085284
cross-h0.05-D0.5-g0.001-nu0,cross,1,1,10.0,500.0,0.05,0.05,0.5,0.17,0.001,0.0,1.5438114042422528e+17,2.9820404092726327,0.09051304272201594,3.839587769442535e+16,4.115914530018132e+19,500.0,34.699118132219226,431.6846636075896,0.0,6.93144208745136,26.684776172739827,0.0,2.544898045665634e-14,-1.8084133954496853e-15,1.2807784258293992e-17,-2.0360172250670616e-16,14,,5.7e+16,-0.32638811062411666
cross-h0.05-D0.5-g0.001-nu1e+07,cross,1,1,10.0,500.0,0.05,0.05,0.5,0.17,0.001,10000000.0,1.5411100340296854e+17,2.982407413988467,0.09070638872749183,3.842644396863805e+16,4.112654195868376e+19,499.9999999999998,34.658168446046595,431.15122741240293,0.6267887985465694,6.9206422565632915,26.643173086440395,-4.547473508864641e-16,2.237615556354408e-14,2.5834477077852693e-16,-2.3424970989061612e-17,-2.0360172250670616e-16,14,,5.7e+16,-0.32585186019933254
cross-h0.05-D0.5-g0.001-nu1e+08,cross,1,1,10.0,500.0,0.05,0.05,0.5,0.17,0.001,100000000.0,1.5172885835745642e+17,2.985654500742604,0.09244352562331778,3.869701310417787e+16,4.083579492495479e+19,499.9999999999525,34.29446542518742,426.42683229534765,6.1777218162313625,6.8252558811154325,26.275724582070588,-9.5042196335271e-14,1.1968890481403237e-12,-1.1988359915448432e-11,2.5781618126755482e-17,1.2664027139917123e-13,13,,5.7e+16,-0.32110503326003736
cross-h0.05-D0.5-g0.007-nu0,cross,1,1,10.0,500.0,0.05,0.05,0.5,0.17,0.007,0.0,1.5326962260320467e+17,2.982972361153065,0.09016255231935687,3.845279549839802e+16,4.096878678164027e+19,499.99999999999994,34.61508932868874,432.02413927020564,0.0,6.878082189049569,26.482689212056023,-1.1368683772161603e-16,2.6638379313034266e-14,-2.195930551617474e-15,3.721823299620832e-17,4.072034450134123e-16,15,,5.7e+16,-0.32538955265968394
cross-h0.05-D0.5-g0.007-nu1e+07,cross,1,1,10.0,500.0,0.05,0.05,0.5,0.17,0.007,10000000.0,1.530022284238118e+17,2.983334871868046,0.09035314890697706,3.848289824794409e+16,4.093615021010211e+19,499.99999999999966,34.57433785962782,431.4944145463014,0.6224727855818885,6.867365076398506,26.441409732090058,-6.821210263296962e-16,2.1686000341265782e-14,7.1044811964094905e-15,1.72803071718141e-17,0.0,15,,5.7e+16,-0.32486143424659497
cross-h0.05-D0.5-g0.007-nu1e+08,cross,1,1,10.0,500.0,0.05,0.05,0.5,0.17,0.007,100000000.0,1.5064416512304422e+17,2.9865418434578457,0.09206536429654513,3.874930095847692e+16,4.064511554707971e+19,500.00000000000017,34.21239485595709,426.8027163782099,6.135380855797385,6.772704944124948,26.076802965910886,3.410605131648481e-16,8.223476880956355e-14,-5.78175597002009e-13,-2.0894970321741984e-17,-1.4252120575469431e-15,15,,5.7e+16,-0.3201877024828611
cross-h0.05-D0.5-g0.03-nu0,cross,1,1,10.0,500.0,0.05,0.05,0.5,0.17,0.03,0.0,1.5035640036688778e+17,2.9853405330888725,0.08911786774899226,3.859233302859733e+16,4.045787910597264e+19,500.00000000000034,34.39019932700857,432.92336448386146,0.0,6.737178202577336,25.949257986552997,6.821210263296962e-16,1.6360467925161826e-14,-1.666323771521471e-14,3.697387170904409e-17,0.0,14,,5.7e+16,-0.322941525814082
cross-h0.05-D0.5-g0.03-nu1e+07,cross,1,1,10.0,500.0,0.05,0.05,0.5,0.17,0.03,10000000.0,1.5009695522520118e+17,2.9856903516159434,0.08930108247110823,3.8621146332305224e+16,4.042529713879231e+19,500.00000000000057,34.35003238627169,432.40314771141243,0.6111351387723728,6.726715530516902,25.908969233027197,1.1368683772161603e-15,1.9669269029550492e-14,-1.433813477820804e-14,4.3099948397280355e-17,0.0,14,,5.7e+16,-0.3224360292578031
cross-h0.05-D0.5-g0.03-nu1e+08,cross,1,1,10.0,500.0,0.05,0.05,0.5,0.17,0.03,100000000.0,1.4780864942092365e+17,2.9887843031397567,0.09094654947998711,3.8875994300579384e+16,4.013477676285579e+19,500.00000000000045,33.993270085696246,427.79495613688306,6.024417071275458,6.634290515943624,25.553066190202085,9.094947017729283e-16,2.095726320148815e-14,-1.278806615353692e-14,6.366226321128825e-17,-4.072034450134123e-16,14,,5.7e+16,-0.3179650122705371
cross-h0.05-D1-g0.001-nu0,cross,1,1,10.0,500.0,0.05,0.05,1,0.17,0.001,0.0,1.3678684242653034e+17,3.085056285854097,0.11803760221963674,4.898705870323334e+16,3.273369206996741e+19,500.0000000000003,35.7524458363862,433.0307809750108,0.0,6.433737517126275,24.783035671477005,5.684341886080802e-16,8.889165685462952e-14,-9.323662777388345e-13,-1.9054525027134915e-17,-3.0540258376005924e-15,12,,5.7e+16,-0.14057791748713433
cross-h0.05-D1-g0.001-nu1e+07,cross,1,1,10.0,500.0,0.05,0.05,1,0.17,0.001,10000000.0,1.3658147802007523e+17,3.085318033390737,0.11825121248729653,4.9010856442235304e+16,3.270646051902473e+19,500.00000000000017,35.71171703284163,432.53961407304047,0.5746618330579294,6.42492664796861,24.749080413091523,3.410605131648481e-16,7.261799584226965e-14,-6.701463353990497e-13,-5.60621047625163e-17,-2.239618947573768e-15,12,,5.7e+16,-0.14016041329411744
cross-h0.05-D1-g0.001-nu1e+08,cross,1,1,10.0,500.0,0.05,0.05,1,0.17,0.001,100000000.0,1.3476538758833554e+17,3.0876314326057415,0.1201703976516695,4.922067676965532e+16,3.246359747462626e+19,500.00000000000057,35.349496420602854,428.1806724297266,5.674458527540521,6.346920758250607,24.448451863880006,1.1368683772161603e-15,1.8600849937934588e-14,-4.934385121869621e-14,-1.795796202857824e-17,-2.0360172250670616e-16,12,,5.7e+16,-0.13647935491832774
cross-h0.05-D1-g0.007-nu0,cross,1,1,10.0,500.0,0.05,0.05,1,0.17,0.007,0.0,1.3578479187154723e+17,3.0853688247451956,0.11744184295418944,4.896875515393807e+16,3.2550707780753056e+19,500.00000000000045,35.653139438124406,433.3905664958008,0.0,6.379189340123281,24.577104725951994,9.094947017729283e-16,2.0352227614310384e-14,1.4208962392818981e-15,-1.0040343731518898e-17,0.0,13,,5.7e+16,-0.14089903238705137
cross-h0.05-D1-g0.007-nu1e+07,cross,1,1,10.0,500.0,0.05,0.05,1,0.17,0.007,10000000.0,1.3558161607787178e+17,3.085625668508082,0.11765188872720138,4.8991918975647976e+16,3.2523504440934756e+19,499.9999999999999,35.61264484249134,432.90296256438023,0.5705118283080182,6.370450309899174,24.54343045492112,-2.2737367544323206e-16,1.3509256623656126e-14,6.458619269463173e-16,1.3249997340243019e-17,0.0,13,,5.7e+16,-0.1404926495500355
cross-h0.05-D1-g0.007-nu1e+08,cross,1,1,10.0,500.0,0.05,0.05,1,0.17,0.007,100000000.0,1.337848051593499e+17,3.0878953023731013,0.11953880270383166,4.9196063637929416e+16,3.2280897981094425e+19,500.0000000000039,35.2525063653757,428.5754870469342,5.633651338605333,6.293077322944313,24.245277926144368,7.844391802791507e-15,1.4715931437435494e-12,-1.4742831861415455e-11,-5.5290428344577295e-18,-5.0900430626676544e-14,12,,5.7e+16,-0.13691116424685235
cross-h0.05-D1-g0.03-nu0,cross,1,1,10.0,500.0,0.05,0.05,1,0.17,0.03,0.0,1.330030455515077e+17,3.0860808366341237,0.11556286629972583,4.8896051035624184e+16,3.2030683950568997e+19,500.00000000000006,35.37106544099621,434.40197538373866,0.0,6.226399261015137,24.000559914250076,1.1368683772161603e-16,1.8790028438327523e-14,-8.783722206469838e-15,-9.319822937842215e-18,-2.0360172250670616e-16,16,,5.7e+16,-0.1421745432346634
cross-h0.05-D1-g0.03-nu1e+07,cross,1,1,10.0,500.0,0.05,0.05,1,0.17,0.03,10000000.0,1.3280668407035338e+17,3.086323554707416,0.11576284346437186,4.8917436624058056e+16,3.2003705260474802e+19,499.99999999999966,35.33130068030716,433.92401557128323,0.558961627572021,6.217900849561201,23.967821271276048,-6.821210263296962e-16,2.4356665808801707e-14,-1.1625514685033578e-14,-7.049034069503878e-17,-2.0360172250670616e-16,16,,5.7e+16,-0.1417993574726657
cross-h0.05-D1-g0.03-nu1e+08,cross,1,1,10.0,500.0,0.05,0.05,1,0.17,0.03,100000000.0,1.3106986706873158e+17,3.0884674433906683,0.11755882172117413,4.910570743170292e+16,3.1763117606010663e+19,499.9999999999999,34.97763817133701,429.6814484121008,5.520348488495061,6.142648709142266,23.677916218924732,-2.2737367544323206e-16,1.2690161907624678e-14,-1.1625514685033698e-15,2.8747861605381994e-17,0.0,13,,5.7e+16,-0.1384963608473172
cross-h0.05-D2-g0.001-nu0,cross,1,1,10.0,500.0,0.05,0.05,2,0.17,0.001,0.0,1.274407237876546e+17,3.148380957321647,0.13841688431651847,5.634164932124051e+16,2.7681462301272195e+19,499.9999999999999,36.41231143997272,433.7157272073736,0.0,6.153929010712057,23.71803234194147,-2.2737367544323206e-16,1.1834290040976265e-14,1.1625514685033712e-15,4.566424956503353e-17,2.0360172250670616e-16,12,,5.7e+16,-0.011550011908061153
cross-h0.05-D2-g0.001-nu1e+07,cross,1,1,10.0,500.0,0.05,0.05,2,0.17,0.001,10000000.0,1.2726714885948187e+17,3.1485743675979,0.13864177336921693,5.635906156379376e+16,2.76578216600399e+19,499.9999999999994,36.371534035760384,433.2477730755534,0.5464505639228139,6.146163658828895,23.688078665933833,-1.2505552149377763e-15,2.0531117035239723e-14,2.5834477077852693e-15,-3.482724497894043e-17,-2.0360172250670616e-16,12,,5.7e+16,-0.011244533968530535
cross-h0.05-D2-g0.001-nu1e+08,cross,1,1,10.0,500.0,0.05,0.05,2,0.17,0.001,100000000.0,1.2572967927693394e+17,3.1502808450364514,0.14066215089473305,5.651175331016028e+16,2.7446957198576116e+19,500.0000000000003,36.00863529710643,429.09009670831875,5.401416768578301,6.077324382335101,23.42252684366171,5.684341886080802e-16,1.896798424948195e-14,-3.4876544055101013e-15,-5.719848034249052e-18,-2.0360172250670616e-16,12,,5.7e+16,-0.00856573140069683
cross-h0.05-D2-g0.007-nu0,cross,1,1,10.0,500.0,0.05,0.05,2,0.17,0.007,0.0,1.2650807347402066e+17,3.1481924757541373,0.13760354605985414,5.6248592807643544e+16,2.7509604803681645e+19,500.00000000000006,36.303837870463944,434.0864054352302,0.0,6.098944736600093,23.510811957705858,1.1368683772161603e-16,1.7584538466820715e-14,-3.8751715616779024e-16,1.0151318582476232e-17,-2.0360172250670616e-16,12,,5.7e+16,-0.013182582322043057
cross-h0.05-D2-g0.007-nu1e+07,cross,1,1,10.0,500.0,0.05,0.05,2,0.17,0.007,10000000.0,1.2633637600845213e+17,3.1483809563087757,0.1378242939275426,5.626529868992681e+16,2.7486017943111746e+19,499.9999999999997,36.26331704793692,433.621904016474,0.5424207561700962,6.091244616181971,23.48111356323676,-5.684341886080802e-16,1.319331571095427e-14,-3.8751715616779024e-16,-5.3315737445364936e-17,0.0,12,,5.7e+16,-0.012889496667950695
cross-h0.05-D2-g0.007-nu1e+08,cross,1,1,10.0,500.0,0.05,0.05,2,0.17,0.007,100000000.0,1.2481547636342562e+17,3.15004344308227,0.13980720655431594,5.641167853967344e+16,2.7275636836545454e+19,499.99999999999966,35.90270084211668,429.49476495554103,5.361738018707591,6.022981008910282,23.217815174724095,-6.821210263296962e-16,2.021852823594493e-14,7.750343123355808e-16,3.2948939709590633e-18,2.0360172250670616e-16,12,,5.7e+16,-0.010321429128536175
cross-h0.05-D2-g0.03-nu0,cross,1,1,10.0,500.0,0.05,0.05,2,0.17,0.03,0.0,1.2384536511028392e+17,3.1474340055690098,0.13496867469499393,5.5950969222775704e+16,2.700751387055787e+19,500.0000000000004,35.98634064355124,435.1596935923081,0.0,5.940388861992285,22.91357690214881,7.958078640513122e-16,2.0998971037564548e-14,1.2917238538926346e-16,1.2227821159464942e-17,2.0360172250670616e-16,12,,5.7e+16,-0.018404048723233313
cross-h0.05-D2-g0.03-nu1e+07,cross,1,1,10.0,500.0,0.05,0.05,2,0.17,0.03,10000000.0,1.2367973513881122e+17,3.147608282504116,0.1351774618774527,5.59657063184882e+16,2.698422123885693e+19,500.0000000000002,35.94663977254862,434.70479153680316,0.5308842413996296,5.932917326181011,22.884767123067803,4.547473508864641e-16,1.336772264941485e-14,5.166895415570539e-16,-4.0843578323097467e-17,-2.0360172250670616e-16,12,,5.7e+16,-0.018145503184417544
cross-h0.05-D2-g0.03-nu1e+08,cross,1,1,10.0,500.0,0.05,0.05,2,0.17,0.03,100000000.0,1.2221235436068766e+17,3.149144359687568,0.13705242541114468,5.609454729149246e+16,2.677647483971978e+19,500.0,35.593303776167296,430.6622923936535,5.248416453571952,5.866671940497654,22.629315436109586,0.0,7.307957732260877e-14,-3.3907751164670164e-13,4.7225190322986395e-18,-2.4432206700804742e-15,11,,5.7e+16,-0.015885135236974324
cross-h0.1-D0.5-g0.001-nu0,cross,1,1,10.0,500.0,0.1,0.1,0.5,0.17,0.001,0.0,1.2286004907101827e+17,3.2050149900554255,0.11622402469342097,4.851282457996319e+16,4.2854852789555634e+19,499.99999999999994,41.94852190284393,403.5223763048896,0.0,12.086117803828227,42.44298398843821,-1.1368683772161603e-16,9.020121210194562e-15,9.042066977248442e-16,-2.0052597825831473e-17,0.0,12,,5.7e+16,-0.14889781438661065
cross-h0.1-D0.5-g0.001-nu1e+07,cross,1,1,10.0,500.0,0.1,0.1,0.5,0.17,0.001,10000000.0,1.226895488764186e+17,3.205218006034192,0.11642355306566535,4.852832294829808e+16,4.282301258935567e+19,500.00000000000017,41.8996189887537,403.10541822383937,0.5362727772973656,12.070513782924092,42.388176227185646,3.410605131648481e-16,1.8934904310238343e-14,-1.291723853892633e-15,-2.7491631175373003e-17,0.0,12,,5.7e+16,-0.14862591318775298
cross-h0.1-D0.5-g0.001-nu1e+08,cross,1,1,10.0,500.0,0.1,0.1,0.5,0.17,0.001,100000000.0,1.211796725056348e+17,3.2070135860301545,0.11821673496001961,4.8664271923000664e+16,4.253870103251817e+19,500.00000000000017,41.464818959130334,399.4007715080828,5.299698732489392,11.93223962068273,41.90247117961491,3.410605131648481e-16,1.3091658238025804e-14,6.458619269463173e-16,4.8083970165391206e-17,2.0360172250670616e-16,12,,5.7e+16,-0.14624084345612876
cross-h0.1-D0.5-g0.007-nu0,cross,1,1,10.0,500.0,0.1,0.1,0.5,0.17,0.007,0.0,1.2203550838790474e+17,3.2052345398228086,0.11558172201956267,4.846467097343725e+16,4.26716006239003e+19,499.9999999999996,41.83342086395648,404.060845271557,0.0,11.990541865576608,42.11519199890949,-7.958078640513122e-16,1.944162711586722e-14,-3.2034751576536317e-14,7.976589194062906e-18,-4.072034450134123e-16,12,,5.7e+16,-0.14974261450110093
cross-h0.1-D0.5-g0.007-nu1e+07,cross,1,1,10.0,500.0,0.1,0.1,0.5,0.17,0.007,10000000.0,1.2186659221666245e+17,3.2054338354538903,0.11577803448250482,4.847964055351319e+16,4.26397564424301e+19,500.00000000000006,41.78480240792334,403.6466464429766,0.5327115241992,11.975051199806035,42.06078842509491,1.1368683772161603e-16,3.532216272153514e-14,-3.074302772264376e-14,-4.171230376264926e-17,0.0,12,,5.7e+16,-0.1494799902892422
cross-h0.1-D0.5-g0.007-nu1e+08,cross,1,1,10.0,500.0,0.1,0.1,0.5,0.17,0.007,100000000.0,1.2037069718513301e+17,3.2071961985832433,0.11754211360251596,4.861086084504175e+16,4.235541711958187e+19,500.0000000000001,41.35253232425668,399.9664210075429,5.264618584857079,11.837777272723674,41.57865081061975,2.2737367544323206e-16,1.7195459336459058e-14,-1.9375857808389484e-15,5.691561486812346e-18,-2.0360172250670616e-16,12,,5.7e+16,-0.14717787991154818
cross-h0.1-D0.5-g0.03-nu0,cross,1,1,10.0,500.0,0.1,0.1,0.5,0.17,0.03,0.0,1.1992752795960952e+17,3.205697164181502,0.11377321208270007,4.832593086883211e+16,4.219241703565847e+19,500.0000000000008,41.53464620316879,405.4490483235461,0.0,11.744525480540382,41.271779992745536,1.5916157281026244e-15,1.221341451432572e-13,-1.1312917512378896e-12,-1.842404281258347e-17,-4.479237895147536e-15,12,,5.7e+16,-0.15217665142399806
cross-h0.1-D0.5-g0.03-nu1e+07,cross,1,1,10.0,500.0,0.1,0.1,0.5,0.17,0.03,10000000.0,1.1976316757375445e+17,3.205886656155242,0.11396127813037311,4.833956400220325e+16,4.216068348183591e+19,500.0000000000002,41.486831674043955,405.04157908793394,0.5235908469957476,11.729384182320777,41.218614208705816,4.547473508864641e-16,8.147697932288599e-14,-8.923228382682358e-13,1.9090366302259e-17,-3.2576275601072986e-15,12,,5.7e+16,-0.1519374736455571
cross-h0.1-D0.5-g0.03-nu1e+08,cross,1,1,10.0,500.0,0.1,0.1,0.5,0.17,0.03,100000000.0,1.183074655494717e+17,3.207561688298389,0.11565088753598472,4.845886532050061e+16,4.187735425615649e+19,500.0000000000006,41.06169918461236,401.42073142066425,5.174969284326649,11.595194567669706,40.74740554272766,1.2505552149377763e-15,2.547921110981599e-14,-1.2594307575451602e-13,2.0302227235777293e-17,-2.0360172250670616e-16,12,,5.7e+16,-0.14984446806139284
cross-h0.1-D1-g0.001-nu0,cross,1,1,10.0,500.0,0.1,0.1,1,0.17,0.001,0.0,1.1165798262131638e+17,3.2861427273618777,0.1493639950028202,5.852031363702661e+16,3.37241437625292e+19,500.0000000000005,41.85861650110885,406.90619263065554,0.0,11.350098177251716,39.88509269098439,1.0231815394945442e-15,1.0571175532784926e-14,2.0667581662282154e-15,-2.021067175996997e-17,0.0,13,,5.7e+16,0.026672169070642182
cross-h0.1-D1-g0.001-nu1e+07,cross,1,1,10.0,500.0,0.1,0.1,1,0.17,0.001,10000000.0,1.1152228819454122e+17,3.2862661710466203,0.14958367977819068,5.8526289358446184e+16,3.3697662542653194e+19,499.99999999999943,41.81184214461143,406.511774400786,0.49978706958213037,11.337139483982833,39.83945690103704,-1.1368683772161603e-15,1.7885233740912254e-14,-1.9375857808389484e-15,-1.3650098566928721e-17,4.072034450134123e-16,13,,5.7e+16,0.026777006288529526
cross-h0.1-D1-g0.001-nu1e+08,cross,1,1,10.0,500.0,0.1,0.1,1,0.17,0.001,100000000.0,1.1031808280957528e+17,3.287355287913992,0.15155777082728933,5.8577236712995736e+16,3.3461255288132837e+19,499.99999999999994,41.3955869115935,403.00242455515394,4.9455427209736245,11.2221115606028,39.43433425167606,-1.1368683772161603e-16,2.1098751256149078e-14,-1.0333790831141067e-15,4.120333762867143e-18,4.072034450134123e-16,13,,5.7e+16,0.027670819526240953
cross-h0.1-D1-g0.007-nu0,cross,1,1,10.0,500.0,0.1,0.1,1,0.17,0.007,0.0,1.1088552310962235e+17,3.2857447061986744,0.14839656909339896,5.836406167883014e+16,3.3547973847583195e+19,500.00000000000045,41.73539698204129,407.46688609690335,0.0,11.25115081928067,39.54656610177515,9.094947017729283e-16,2.712220117766158e-14,2.5834477077852693e-16,2.9632645473445484e-17,0.0,13,,5.7e+16,0.023930906646142835
cross-h0.1-D1-g0.007-nu1e+07,cross,1,1,10.0,500.0,0.1,0.1,1,0.17,0.007,10000000.0,1.1075115910724074e+17,3.2858643699418213,0.14861219314193813,5.836944608611436e+16,3.352154341357511e+19,500.00000000000017,41.68894166822574,407.07520124304364,0.49627057021401466,11.238293523951699,39.501292994565084,3.410605131648481e-16,2.2333544815149632e-14,1.679241010060425e-15,3.623433869930194e-18,2.0360172250670616e-16,13,,5.7e+16,0.02402536993183091
cross-h0.1-D1-g0.007-nu1e+08,cross,1,1,10.0,500.0,0.1,0.1,1,0.17,0.007,100000000.0,1.095587261647157e+17,3.2869197358251214,0.15054956833359523,5.841511740260334e+16,3.328559445917704e+19,500.0000000000005,41.27552493604579,403.59008468035665,4.910850138859053,11.12416210366384,39.09937814107516,1.0231815394945442e-15,1.4177352431568492e-14,5.166895415570539e-16,6.817582586920778e-19,0.0,13,,5.7e+16,0.024826621098304358
cross-h0.1-D1-g0.03-nu0,cross,1,1,10.0,500.0,0.1,0.1,1,0.17,0.03,0.0,1.0879505877433509e+17,3.284495122604665,0.14549165640759962,5.791407859032591e+16,3.3060678974668235e+19,499.99999999999994,41.395990921241975,408.9998640171948,0.0,10.981079454202796,38.6230656073604,-1.1368683772161603e-16,2.112445959785853e-14,7.750343123355808e-16,-2.068725505290599e-17,2.0360172250670616e-16,13,,5.7e+16,0.0160364664969459
cross-h0.1-D1-g0.03-nu1e+07,cross,1,1,10.0,500.0,0.1,0.1,1,0.17,0.03,10000000.0,1.0866480988027722e+17,3.28460464533028,0.14569631944284966,5.791796219503545e+16,3.3034511540246823e+19,499.9999999999996,41.3504842769657,408.6152176739405,0.4867350659949614,10.968562611402715,38.579000371695734,-7.958078640513122e-16,1.42296771964139e-14,2.5834477077852693e-16,-1.5750897648720765e-17,0.0,13,,5.7e+16,0.016104599912902584
cross-h0.1-D1-g0.03-nu1e+08,cross,1,1,10.0,500.0,0.1,0.1,1,0.17,0.03,100000000.0,1.0750877074912634e+17,3.2855696857857746,0.14753480094187185,5.795028354980889e+16,3.2800923659660976e+19,500.0,40.94549263187905,405.1923077933687,4.816983815701944,10.85744294406409,38.187772814986246,0.0,1.8192942108915867e-14,3.35848202012085e-15,2.1404099900878908e-17,0.0,13,,5.7e+16,0.016671641224717426
cross-h0.1-D2-g0.001-nu0,cross,1,1,10.0,500.0,0.1,0.1,2,0.17,0.001,0.0,1.0567773268813496e+17,3.3345578630653367,0.17324813909399753,6.4971916156763544e+16,2.8304980183450657e+19,500.0000000000004,41.81197826374366,408.740145631292,0.0,10.950882227089066,38.49699387787566,7.958078640513122e-16,1.3774243837299004e-14,-3.745999176288626e-15,7.951993644408521e-17,2.0360172250670616e-16,10,,5.7e+16,0.13985817818883417
cross-h0.1-D2-g0.001-nu1e+07,cross,1,1,10.0,500.0,0.1,0.1,2,0.17,0.001,10000000.0,1.055593423767732e+17,3.334633283820968,0.17347833693776404,6.497090317955748e+16,2.828213565178536e+19,500.00000000000006,41.76641441686162,408.3580302616017,0.4800266672728401,10.939327060637494,38.45620159362639,1.1368683772161603e-16,1.339570303889268e-14,-1.9375857808389484e-15,-3.5444968381740564e-17,2.0360172250670616e-16,10,,5.7e+16,0.13984040665890318
cross-h0.1-D2-g0.001-nu1e+08,cross,1,1,10.0,500.0,0.1,0.1,2,0.17,0.001,100000000.0,1.0450741883379427e+17,3.3352957708278437,0.175546695129058,6.495954342195382e+16,2.807820537719021e+19,500.0000000000001,41.360730145467315,404.9555193748467,4.7533750511928305,10.836657468189049,38.09371796030422,2.2737367544323206e-16,1.8772288950542794e-14,-1.5500686246711592e-15,6.244742164853472e-17,0.0,10,,5.7e+16,0.13964111266585655
cross-h0.1-D2-g0.007-nu0,cross,1,1,10.0,500.0,0.1,0.1,2,0.17,0.007,0.0,1.0494011191136325e+17,3.3337020762926803,0.1720075228269987,6.47272303380336e+16,2.8140242659506524e+19,500.00000000000006,41.68573681489711,409.3105763502568,0.0,10.850302800706531,38.15338403413965,1.1368683772161603e-16,1.4206690304146186e-14,2.5834477077852693e-15,3.843027415668292e-17,0.0,10,,5.7e+16,0.13556544452690522
cross-h0.1-D2-g0.007-nu1e+07,cross,1,1,10.0,500.0,0.1,0.1,2,0.17,0.007,10000000.0,1.0482290485493482e+17,3.3337738335049574,0.17223308501581047,6.4725628752466024e+16,2.811747027970535e+19,500.0000000000005,41.64050841060728,408.93117026435675,0.47655489229294246,10.838840620432011,38.1129258123115,1.0231815394945442e-15,2.5787465982088826e-14,-2.970964863953051e-15,-2.911959583713455e-17,-4.072034450134123e-16,10,,5.7e+16,0.13553734653449157
cross-h0.1-D2-g0.007-nu1e+08,cross,1,1,10.0,500.0,0.1,0.1,2,0.17,0.007,100000000.0,1.037814671414515e+17,3.334403600805431,0.17425955269814072,6.470902311783422e+16,2.791418762520149e+19,499.99999999999983,41.23780903086901,405.5527034580253,4.719093480259269,10.736993979105858,37.753400051740385,-3.410605131648481e-16,9.64151682283634e-15,-1.2917238538926344e-16,6.923566660882826e-18,-4.072034450134123e-16,10,,5.7e+16,0.1352460196111267
cross-h0.1-D2-g0.03-nu0,cross,1,1,10.0,500.0,0.1,0.1,2,0.17,0.03,0.0,1.0288718328646675e+17,3.33109005778215,0.16816422981830706,6.401070382859142e+16,2.767186784532666e+19,499.9999999999999,41.32716692030119,410.91714647210387,0.0,10.567573086676363,37.18811352091847,-2.2737367544323206e-16,1.3658218846616516e-14,-4.80521273648037e-14,1.50803990501736e-17,0.0,12,,5.7e+16,0.12299480401037588
cross-h0.1-D2-g0.03-nu1e+07,cross,1,1,10.0,500.0,0.1,0.1,2,0.17,0.03,10000000.0,1.0277377915528203e+17,3.33115201260653,0.16837698733657855,6.400763573982579e+16,2.7649416988044816e+19,500.0000000000001,41.2829599231768,410.5449091069555,0.4668715245391502,10.556438561972191,37.148820883356436,2.2737367544323206e-16,1.2852239081700365e-14,-4.353109387617989e-14,5.0032366960531044e-17,0.0,12,,5.7e+16,0.12294097789168057
cross-h0.1-D2-g0.03-nu1e+08,cross,1,1,10.0,500.0,0.1,0.1,2,0.17,0.03,100000000.0,1.0176602314924787e+17,3.331694460168359,0.17028799272376594,6.3978005878762456e+16,2.7449013064244724e+19,500.00000000000017,40.889333014827564,407.2298645839673,4.623688610312631,10.457493658226111,36.799620132666576,3.410605131648481e-16,1.5098633798001004e-14,-7.621170737966486e-15,-8.790210519292994e-18,-2.0360172250670616e-16,12,,5.7e+16,0.12242115576776236
cross-h0.2-D0.5-g0.001-nu0,cross,1,1,10.0,500.0,0.2,0.2,0.5,0.17,0.001,0.0,9.28274764851568e+16,3.480518137972336,0.15587103384287132,5.4379005735879464e+16,4.359007023329762e+19,500.00000000000125,49.56887013276185,365.57889779648445,0.0,20.331962522228967,64.52026954852596,2.5011104298755525e-15,2.556420372205038e-13,-2.704482232887695e-12,-2.999862310241156e-17,-1.0790891292855427e-14,9,,5.7e+16,-0.045982355510886586
cross-h0.2-D0.5-g0.001-nu1e+07,cross,1,1,10.0,500.0,0.2,0.2,0.5,0.17,0.001,10000000.0,9.27283319655663e+16,3.4806040506842706,0.15607506418699474,5.437497106814055e+16,4.356124171418205e+19,500.000000000001,49.51736853095347,365.27522487224047,0.4401367953187968,20.3116865779246,64.4555832235637,2.0463630789890884e-15,2.769194639462623e-13,-2.622716112936727e-12,-1.3336523625952765e-17,-1.0790891292855427e-14,9,,5.7e+16,-0.04605313915542886
cross-h0.2-D0.5-g0.001-nu1e+08,cross,1,1,10.0,500.0,0.2,0.2,0.5,0.17,0.001,100000000.0,9.184666357370438e+16,3.481366669321515,0.15790923493034784,5.4337328444714776e+16,4.330357986295241e+19,500.0000000000003,49.0588479930211,362.5688399997485,4.360474588506867,20.13142058793465,63.880416830789166,5.684341886080802e-16,2.0350248618868511e-13,-2.0383402414384227e-12,-5.803356087985601e-18,-9.365679235308484e-15,9,,5.7e+16,-0.04671353605763551
cross-h0.2-D0.5-g0.007-nu0,cross,1,1,10.0,500.0,0.2,0.2,0.5,0.17,0.007,0.0,9.225841458449058e+16,3.4799291481944605,0.15463662354485122,5.416726173236677e+16,4.343046955927795e+19,500.0000000000167,49.445548018482185,366.36598667345197,0.0,20.168931743706324,64.01953356437625,3.342393029015511e-14,4.0875941873353215e-12,-4.150063314852565e-11,-2.9335851994650144e-19,-1.7245065896318011e-13,9,,5.7e+16,-0.04969716259005674
cross-h0.2-D0.5-g0.007-nu1e+07,cross,1,1,10.0,500.0,0.2,0.2,0.5,0.17,0.007,10000000.0,9.216006645018709e+16,3.4800125665844943,0.15483679817529983,5.416284252438597e+16,4.3401677063538115e+19,500.0000000000168,49.39439360366013,366.0641841753506,0.4373651749724165,20.14878557452648,63.95527147150723,3.365130396559834e-14,4.0924888592341235e-12,-4.144689743620818e-11,-1.1744826885832663e-18,-1.6756421762301918e-13,9,,5.7e+16,-0.04977469255463218
cross-h0.2-D0.5-g0.007-nu1e+08,cross,1,1,10.0,500.0,0.2,0.2,0.5,0.17,0.007,100000000.0,9.128546871217934e+16,3.4807528621824892,0.15663613070938334,5.412177089992931e+16,4.3144343032224e+19,500.00000000001495,48.93896460072739,363.3744319834744,4.333067424044784,19.969669566123034,63.38386642564537,2.989963832078502e-14,3.4565158204249786e-12,-3.415020773089107e-11,-3.966033841657055e-17,-1.4292840919970773e-13,9,,5.7e+16,-0.050495247369661156
cross-h0.2-D0.5-g0.03-nu0,cross,1,1,10.0,500.0,0.2,0.2,0.5,0.17,0.03,0.0,9.08550178333196e+16,3.4783651829660647,0.15136787421153938,5.3628733892584536e+16,4.302831645101893e+19,499.99999999999994,49.137487923944214,368.32153832271194,0.0,19.764130633441077,62.77684311990269,-1.1368683772161603e-16,7.450813483073283e-15,1.4208962392818981e-15,-4.182298555430537e-18,0.0,10,,5.7e+16,-0.059145019428341494
cross-h0.2-D0.5-g0.03-nu1e+07,cross,1,1,10.0,500.0,0.2,0.2,0.5,0.17,0.03,10000000.0,9.075894416401042e+16,3.4784426476326185,0.1515587942464048,5.362348439877197e+16,4.299970308968785e+19,500.0000000000001,49.08725662566052,368.02393219594376,0.4305215450155195,19.744392264231337,62.713897369149,2.2737367544323206e-16,1.4511976597267276e-14,-1.2917238538926344e-16,1.8463389534619316e-17,2.0360172250670616e-16,10,,5.7e+16,-0.05923711581101809
cross-h0.2-D0.5-g0.03-nu1e+08,cross,1,1,10.0,500.0,0.2,0.2,0.5,0.17,0.03,100000000.0,8.990452917344043e+16,3.479129775968395,0.15327465949099367,5.357503355005594e+16,4.274398459102657e+19,500.00000000000017,48.64003385915959,365.37137617040065,4.2655281058362275,19.568892640577634,62.15416922402607,3.410605131648481e-16,2.9579452837394307e-14,-1.291723853892633e-15,-1.8535777897330408e-17,0.0,10,,5.7e+16,-0.060087130700773095
cross-h0.2-D1-g0.001-nu0,cross,1,1,10.0,500.0,0.2,0.2,1,0.17,0.001,0.0,8.636760056796426e+16,3.5395865156452047,0.19747685700506049,6.2203285518090344e+16,3.3923294932686815e+19,500.00000000000034,48.33914929391664,370.53320148020214,0.0,19.444784655269693,61.682864570611876,6.821210263296962e-16,1.7203837796140828e-14,-2.053840927689247e-14,6.496366205277779e-17,0.0,9,,5.7e+16,0.0912857108436902
cross-h0.2-D1-g0.001-nu1e+07,cross,1,1,10.0,500.0,0.2,0.2,1,0.17,0.001,10000000.0,8.628387993719842e+16,3.539633237039665,0.1977022294558383,6.219151693837731e+16,3.389968641082222e+19,500.0,48.291627537142276,370.23688091011894,0.4164937977068594,19.42751456198359,61.62748319304834,0.0,1.7829742385392455e-14,-1.5242341475932858e-14,-2.456941791397337e-17,0.0,9,,5.7e+16,0.09107924453293537
cross-h0.2-D1-g0.001-nu1e+08,cross,1,1,10.0,500.0,0.2,0.2,1,0.17,0.001,100000000.0,8.553838770880938e+16,3.5400478121078027,0.19972796899689682,6.2084945364809624e+16,3.368874704944618e+19,500.0000000000001,47.868269221303485,367.59400647720275,4.1294365351981055,19.27379816877383,61.13448959752191,2.2737367544323206e-16,9.861383179578458e-15,-2.1700960745395792e-14,-2.169656824191566e-17,0.0,9,,5.7e+16,0.0892095678036775
cross-h0.2-D1-g0.007-nu0,cross,1,1,10.0,500.0,0.2,0.2,1,0.17,0.007,0.0,8.580857322922005e+16,3.538482845386448,0.195785264938464,6.187473506369447e+16,3.37711701402881e+19,499.9999999999993,48.22064850696135,371.3542886675617,0.0,19.27183126584895,61.153231559627315,-1.3642420526593924e-15,1.1405996417157913e-14,-1.4170210677200195e-13,-1.9491538375058452e-17,-6.108051675201186e-16,9,,5.7e+16,0.08552166778411352
cross-h0.2-D1-g0.007-nu1e+07,cross,1,1,10.0,500.0,0.2,0.2,1,0.17,0.007,10000000.0,8.572558407021154e+16,3.5385270780260014,0.19600590326505232,6.186260571046462e+16,3.374763704005209e+19,500.00000000000006,48.17349312136227,371.05991147863153,0.4136695788749595,19.25468046732378,61.09824535380752,1.1368683772161603e-16,1.6035557402318076e-14,-1.2981824731619293e-13,4.40427159819792e-17,-6.108051675201186e-16,9,,5.7e+16,0.08530887211341454
cross-h0.2-D1-g0.007-nu1e+08,cross,1,1,10.0,500.0,0.2,0.2,1,0.17,0.007,100000000.0,8.498659644146346e+16,3.5389193616450205,0.1979888943544427,6.175282119433861e+16,3.3537375251524817e+19,500.00000000000017,47.75339669794026,368.43433144852656,4.101490517836292,19.102022149203354,60.608759186493685,3.410605131648481e-16,1.3360807225134805e-14,-1.1147576859092195e-13,-2.547562720840295e-17,-6.108051675201186e-16,9,,5.7e+16,0.08338282797085284
cross-h0.2-D1-g0.03-nu0,cross,1,1,10.0,500.0,0.2,0.2,1,0.17,0.03,0.0,8.435212583442574e+16,3.535421517350522,0.1909994418607069,6.099329766550695e+16,3.3366370807363772e+19,500.00000000000017,47.90628178018358,373.51561898474523,0.0,18.816919051847325,59.761180183224006,3.410605131648481e-16,9.560156198133742e-15,1.2917238538926346e-16,3.841575643614089e-17,-2.0360172250670616e-16,10,,5.7e+16,0.07005785378082363
cross-h0.2-D1-g0.03-nu1e+07,cross,1,1,10.0,500.0,0.2,0.2,1,0.17,0.03,10000000.0,8.427137794929355e+16,3.5354597353960107,0.1912081340897035,6.098043133859246e+16,3.334312820377321e+19,500.00000000000006,47.860147908046066,373.2258382551846,0.40629979098341423,18.800180111436376,59.707533934349584,1.1368683772161603e-16,1.0926111048667723e-14,4.004343947067167e-15,5.782439512849096e-17,-2.0360172250670616e-16,10,,5.7e+16,0.0698321287472361
cross-h0.2-D1-g0.03-nu1e+08,cross,1,1,10.0,500.0,0.2,0.2,1,0.17,0.03,100000000.0,8.355230766245613e+16,3.5357982704649134,0.1930834591582242,6.0864114525464184e+16,3.31354698532226e+19,500.00000000000904,47.44913043774306,370.64102834090966,4.028714916056029,18.651178230772526,59.22994807452774,1.807620719773695e-14,3.135312860479116e-12,-3.139651081934325e-11,5.431177430173113e-17,-1.1442416804876886e-13,9,,5.7e+16,0.0677914829028805
cross-h0.2-D2-g0.001-nu0,cross,1,1,10.0,500.0,0.2,0.2,2,0.17,0.001,0.0,8.282783855557685e+16,3.5748725153438525,0.2267894654352133,6.6979230617275304e+16,2.8268847752841613e+19,499.9999999999999,47.66974639836191,373.1211750437869,0.0,18.992790637773265,60.216287920077846,-2.2737367544323206e-16,1.8025658570434732e-14,1.8084133954496885e-15,-5.320467056998886e-17,0.0,9,,5.7e+16,0.17507422135570705
cross-h0.2-D2-g0.001-nu1e+07,cross,1,1,10.0,500.0,0.2,0.2,2,0.17,0.001,10000000.0,8.27520426401651e+16,3.574897018179577,0.2270260439126964,6.696256267736617e+16,2.8248700237978956e+19,500.00000000000017,47.624495582969516,372.8291391860688,0.4034250545398144,18.977112659154187,60.16582751726784,3.410605131648481e-16,8.509463051232845e-15,1.5500686246711616e-15,1.3849370444655405e-18,-2.0360172250670616e-16,9,,5.7e+16,0.17478180135730126
cross-h0.2-D2-g0.001-nu1e+08,cross,1,1,10.0,500.0,0.2,0.2,2,0.17,0.001,100000000.0,8.207661202337133e+16,3.575114135952659,0.22915234173317078,6.68123380369833e+16,2.8068704920767005e+19,500.00000000000045,47.22121355560361,370.22341651015967,4.001565597055821,18.83747163758466,59.71633269959667,9.094947017729283e-16,1.1848969319664509e-14,-1.2917238538926344e-16,3.887483989192922e-17,0.0,9,,5.7e+16,0.17214628135058407
cross-h0.2-D2-g0.007-nu0,cross,1,1,10.0,500.0,0.2,0.2,2,0.17,0.007,0.0,8.227873718413432e+16,3.573408071231196,0.224739102474354,6.656712602437947e+16,2.812784560671005e+19,499.9999999999999,47.55685760993153,373.9588315428425,0.0,18.814069262524214,59.67024158470164,-2.2737367544323206e-16,1.216616396490864e-14,1.2917238538926346e-16,-1.798650628809965e-17,0.0,9,,5.7e+16,0.16784431621718365
cross-h0.2-D2-g0.007-nu1e+07,cross,1,1,10.0,500.0,0.2,0.2,2,0.17,0.007,10000000.0,8.220363060157312e+16,3.573430142097188,0.22497037255278876,6.655013617131745e+16,2.810778613149825e+19,499.9999999999993,47.51197684500791,373.66878060192374,0.40058704814472673,18.79850227909196,59.62015322583096,-1.3642420526593924e-15,1.0045214098308127e-14,9.042066977248442e-16,-2.11029101829998e-17,2.0360172250670616e-16,9,,5.7e+16,0.16754624861960443
cross-h0.2-D2-g0.007-nu1e+08,cross,1,1,10.0,500.0,0.2,0.2,2,0.17,0.007,100000000.0,8.153433548165838e+16,3.5736254619427887,0.22704875530796648,6.639704694461702e+16,2.7928579868611113e+19,499.9999999999998,47.111989387448176,371.0807294319421,3.9734721911723736,18.65984626583571,59.173962723601434,-4.547473508864641e-16,9.739263155812587e-15,7.750343123355808e-16,-8.433569546076476e-18,0.0,9,,5.7e+16,0.1648604727125793
cross-h0.2-D2-g0.03-nu0,cross,1,1,10.0,500.0,0.2,0.2,2,0.17,0.03,0.0,8.080912640263072e+16,3.569240890549159,0.21874195242495126,6.5431864634890136e+16,2.7742441992551784e+19,500.00000000000045,47.24747848849985,376.2295581093535,0.0,18.330084457567875,58.19287894457924,9.094947017729283e-16,2.375282408322962e-14,-6.30361240699566e-14,2.9985386935407e-17,-2.0360172250670616e-16,9,,5.7e+16,0.14792744973491456
cross-h0.2-D2-g0.03-nu1e+07,cross,1,1,10.0,500.0,0.2,0.2,2,0.17,0.03,10000000.0,8.073620970280555e+16,3.5692571192256164,0.21895951769328065,6.541427806000851e+16,2.772270839439449e+19,500.00000000000017,47.20365248097557,375.9443295162785,0.39297669823776105,18.31492286218945,58.14411844231887,3.410605131648481e-16,1.4120983073439762e-14,-3.7201646992106496e-14,1.8734598653572237e-17,0.0,9,,5.7e+16,0.14761891333348265
cross-h0.2-D2-g0.03-nu1e+08,cross,1,1,10.0,500.0,0.2,0.2,2,0.17,0.03,100000000.0,8.008639167974483e+16,3.5694001963999287,0.22091443679503212,6.525591384118227e+16,2.7546417769648534e+19,499.9999999999997,46.81303884733715,373.39906929829965,3.898293898286877,18.179868432271988,57.70972952380404,-5.684341886080802e-16,1.771077541033323e-14,-3.849337084599903e-14,6.136310040342307e-17,2.0360172250670616e-16,9,,5.7e+16,0.14484059370495217
cross-h0.4-D0.5-g0.001-nu0,cross,1,1,10.0,500.0,0.4,0.4,0.5,0.17,0.001,0.0,6.421180985286015e+16,3.8598115012534877,0.21937202355394056,4.985918988014602e+16,4.3264275410865996e+19,500.0,57.86096677369854,315.5816416888853,0.0,33.10511649191379,93.45227504550235,0.0,2.2226462406721552e-14,-1.5500686246711592e-15,-8.98010474130103e-18,0.0,9,,5.7e+16,-0.1252773705237541
cross-h0.4-D0.5-g0.001-nu1e+07,cross,1,1,10.0,500.0,0.4,0.4,0.5,0.17,0.001,10000000.0,6.415950446670307e+16,3.8598825774004704,0.21957743439688931,4.984579121599481e+16,4.324170146038245e+19,499.99999999999983,57.81552483208975,315.3799676899087,0.3377191614238503,33.081770378032324,93.38501793854518,-3.410605131648481e-16,1.8715065739229822e-14,9.042066977248442e-16,-1.8570884691853122e-17,0.0,9,,5.7e+16,-0.1255124348071086
cross-h0.4-D0.5-g0.001-nu1e+08,cross,1,1,10.0,500.0,0.4,0.4,0.5,0.17,0.001,100000000.0,6.369277518700277e+16,3.86052102474066,0.22142446868922522,4.972538448033603e+16,4.303972030315718e+19,500.00000000000006,57.410115936101995,313.57807199258536,3.3531787268846145,32.873546435933726,92.78508690849434,1.1368683772161603e-16,2.8115432027329682e-14,-5.166895415570536e-16,-4.328231809208546e-17,-2.0360172250670616e-16,9,,5.7e+16,-0.12762483367831523
cross-h0.4-D0.5-g0.007-nu0,cross,1,1,10.0,500.0,0.4,0.4,0.5,0.17,0.007,0.0,6.386202064214076e+16,3.8585320651750146,0.21690021840538945,4.9530488749251976e+16,4.3166981597115695e+19,499.9999999999998,57.796039401154616,316.64222200134606,0.0,32.835093368489844,92.72664522900925,-4.547473508864641e-16,1.6749081200774894e-14,2.5834477077852693e-16,-7.248158307032423e-17,2.0360172250670616e-16,9,,5.7e+16,-0.13104405703066713
cross-h0.4-D0.5-g0.007-nu1e+07,cross,1,1,10.0,500.0,0.4,0.4,0.5,0.17,0.007,10000000.0,6.381009298715289e+16,3.8586011788330943,0.2171009141962197,4.951694272459897e+16,4.3144471886770455e+19,499.9999999999998,57.75090883235809,316.44171447979755,0.3357684441227031,32.81186192149388,92.65974632222753,-4.547473508864641e-16,8.996278281615533e-15,0.0,-3.017833803994156e-19,0.0,9,,5.7e+16,-0.13128170658598304
cross-h0.4-D0.5-g0.007-nu1e+08,cross,1,1,10.0,500.0,0.4,0.4,0.5,0.17,0.007,100000000.0,6.334673417549616e+16,3.859221967006382,0.21890541400928754,4.939522338909179e+16,4.29430680849091e+19,499.99999999999926,57.34827596282356,314.6502242439917,3.3338387957037106,32.6046574737569,92.06300352372335,-1.4779288903810083e-15,1.9996729475105268e-14,9.042066977248442e-16,-3.8954400402467226e-17,0.0,9,,5.7e+16,-0.1334171335247054
cross-h0.4-D0.5-g0.03-nu0,cross,1,1,10.0,500.0,0.4,0.4,0.5,0.17,0.03,0.0,6.3047689807939416e+16,3.8554074468571073,0.2108350550867856,4.875376661050714e+16,4.2934086546021e+19,500.00000000000017,57.63994392851096,319.1363856525109,0.0,32.200679967222676,91.0229904517556,3.410605131648481e-16,1.3712721375110007e-14,1.2917238538926346e-16,6.447278286059136e-18,-2.0360172250670616e-16,9,,5.7e+16,-0.1446707612191731
cross-h0.4-D0.5-g0.03-nu1e+07,cross,1,1,10.0,500.0,0.4,0.4,0.5,0.17,0.03,10000000.0,6.29968058610682e+16,3.855472405744681,0.21102552570517807,4.874003264173588e+16,4.291177048686712e+19,500.0000000000004,57.59556378282258,318.9381217789526,0.33122014058426347,32.17783823129478,90.95725606634615,7.958078640513122e-16,1.4281945304496854e-14,0.0,4.7822809204335064e-17,2.0360172250670616e-16,9,,5.7e+16,-0.14491170803972142
cross-h0.4-D0.5-g0.03-nu1e+08,cross,1,1,10.0,500.0,0.4,0.4,0.5,0.17,0.03,100000000.0,6.254275236704572e+16,3.8560558693437192,0.21273793142764624,4.861665480197817e+16,4.271210344067798e+19,500.00000000000074,57.199609657724956,317.16657358873925,3.2888261385828845,31.974103798569182,90.37088681638446,1.4779288903810083e-15,2.2013672061730212e-14,1.1625514685033712e-15,5.665115501256267e-18,2.0360172250670616e-16,9,,5.7e+16,-0.14707623154424265
cross-h0.4-D1-g0.001-nu0,cross,1,1,10.0,500.0,0.4,0.4,1,0.17,0.001,0.0,6.055085462136263e+16,3.9086228214315737,0.27629358409000737,5.516147355762163e+16,3.3395534001153024e+19,500.0000000000079,56.09525085373974,320.4270157749999,0.0,32.37368008483394,91.10405328643428,1.580247044330463e-14,2.1872950157035075e-12,-2.181075727250143e-11,5.2770312994929265e-17,-9.202797857303119e-14,8,,5.7e+16,-0.03225484986628713
cross-h0.4-D1-g0.001-nu1e+07,cross,1,1,10.0,500.0,0.4,0.4,1,0.17,0.001,10000000.0,6.050431043782265e+16,3.908689106566506,0.27652520703930145,5.514410502462648e+16,3.3377336246634828e+19,500.00000000000676,56.0541203472174,320.2256868052208,0.32250618820719607,32.35315723919151,91.04452942016988,1.3528733688872307e-14,2.074352529291183e-12,-2.108351674279107e-11,3.2773236336227887e-17,-9.039916479297755e-14,8,,5.7e+16,-0.032559560971465284
cross-h0.4-D1-g0.001-nu1e+08,cross,1,1,10.0,500.0,0.4,0.4,1,0.17,0.001,100000000.0,6.008873104751965e+16,3.9092855706777963,0.27860769984502465,5.49882702071798e+16,3.3214559036578144e+19,500.0000000000053,55.68702223356962,318.42635316164956,3.203399012143952,32.16999341419986,90.51323217844231,1.057287590811029e-14,1.7818108820517906e-12,-1.7778253745579043e-11,-4.6165286494655144e-17,-7.696145110753494e-14,8,,5.7e+16,-0.035293505137196535
cross-h0.4-D1-g0.007-nu0,cross,1,1,10.0,500.0,0.4,0.4,1,0.17,0.007,0.0,6.019566074265454e+16,3.9069215195249307,0.273110106939089,5.4736045941772104e+16,3.330307392543926e+19,500.00000000001023,56.04858672645075,321.562022363524,0.0,32.07712425294971,90.31226665708577,2.0463630789890885e-14,2.93172768829948e-12,-2.933827803067573e-11,-2.9767456660401345e-17,-1.221610335040237e-13,8,,5.7e+16,-0.039718492249612214
cross-h0.4-D1-g0.007-nu1e+07,cross,1,1,10.0,500.0,0.4,0.4,1,0.17,0.007,10000000.0,6.0149500152669864e+16,3.906985660450877,0.2733360593691165,5.4718567806747384e+16,3.328495918170461e+19,500.0000000000096,56.007771765948966,321.3619440478275,0.32047521535496654,32.05671163984288,90.25309733103532,1.921307557495311e-14,2.8746533271891157e-12,-2.887752013201905e-11,1.815661865035196e-17,-1.191070076664231e-13,8,,5.7e+16,-0.040025126197414274
cross-h0.4-D1-g0.007-nu1e+08,cross,1,1,10.0,500.0,0.4,0.4,1,0.17,0.007,100000000.0,5.9737345093538984e+16,3.907562821719224,0.2753674197729207,5.456175856136619e+16,3.312292589870207e+19,500.0000000000097,55.64348606178519,319.5737656256808,3.183262802063871,31.87452820605267,89.72495730442719,1.9440449250396343e-14,2.458740466870643e-12,-2.407463249872978e-11,2.2149429556384015e-17,-1.0017204747329944e-13,8,,5.7e+16,-0.042776165590066806
cross-h0.4-D1-g0.03-nu0,cross,1,1,10.0,500.0,0.4,0.4,1,0.17,0.03,0.0,5.932667984590964e+16,3.902507680398068,0.26479483484250393,5.3675774468417416e+16,3.3070295502807376e+19,500.0000000000003,55.92697996598863,324.38080504743147,0.0,31.341638019562723,88.35057696701745,5.684341886080802e-16,1.5735351882810656e-14,1.2917238538926346e-15,-7.288160746745628e-18,2.0360172250670616e-16,9,,5.7e+16,-0.05831974616811553
cross-h0.4-D1-g0.03-nu1e+07,cross,1,1,10.0,500.0,0.4,0.4,1,0.17,0.03,10000000.0,5.9281643112147944e+16,3.9025671624648135,0.2650079357490264,5.36582481181415e+16,3.3052430411723833e+19,500.0000000000005,55.88695433972947,324.1832367111202,0.31549408877697344,31.32164319833336,88.29267166204053,1.0231815394945442e-15,3.6498107743694254e-14,-5.166895415570536e-16,1.3126444087175173e-17,0.0,9,,5.7e+16,-0.05862722599751746
cross-h0.4-D1-g0.03-nu1e+08,cross,1,1,10.0,500.0,0.4,0.4,1,0.17,0.03,100000000.0,5.887951146905169e+16,3.9031024516149233,0.26692360770586904,5.350103232899549e+16,3.289263083776083e+19,500.0000000000002,55.529690445241904,322.4173600451969,3.1339694395007416,31.14318202916011,87.77579804090058,4.547473508864641e-16,1.2282553415842047e-14,-1.6792410100604223e-15,4.231133893316299e-17,0.0,9,,5.7e+16,-0.06138539773692131
cross-h0.4-D2-g0.001-nu0,cross,1,1,10.0,500.0,0.4,0.4,2,0.17,0.001,0.0,5.843179638958075e+16,3.9394933092420117,0.31634951316619675,5.832952356537794e+16,2.76872324860755e+19,500.00000000000165,55.188723818783096,322.7372172132778,0.0,32.06560855864174,90.00845040929899,3.296918293926865e-15,4.780501706023472e-13,-4.695932898419232e-12,6.297399778060315e-17,-1.7916951580590144e-14,8,,5.7e+16,0.02332497483119189
cross-h0.4-D2-g0.001-nu1e+07,cross,1,1,10.0,500.0,0.4,0.4,2,0.17,0.001,10000000.0,5.838841449161157e+16,3.9395571755808168,0.31659621291367684,5.830982672546131e+16,2.7671854906830967e+19,500.0000000000013,55.15001779198022,322.5366296162739,0.3136856836670178,32.046594945604596,89.95307196247558,2.6147972675971686e-15,4.4377186817408515e-13,-4.593240852035722e-12,2.8658922284061163e-17,-1.7713349858083438e-14,8,,5.7e+16,0.022979416236163397
cross-h0.4-D2-g0.001-nu1e+08,cross,1,1,10.0,500.0,0.4,0.4,2,0.17,0.001,100000000.0,5.800093259825869e+16,3.9401324313506016,0.31881414314262346,5.813321308935333e+16,2.7534319312573776e+19,500.0000000000012,54.804464424751075,320.7436332327592,3.1164947804016667,31.87683091251796,89.45857664957133,2.3874235921539368e-15,3.9902538373729123e-13,-4.004473119436521e-12,-5.106713131108365e-18,-1.5066527465496255e-14,8,,5.7e+16,0.019880931392163737
cross-h0.4-D2-g0.007-nu0,cross,1,1,10.0,500.0,0.4,0.4,2,0.17,0.007,0.0,5.807694684233543e+16,3.9375015882614193,0.31264469331614836,5.783998219169115e+16,2.7602321084183233e+19,500.00000000000114,55.15559857079918,323.91461793974656,0.0,31.752710314589656,89.17707317486577,2.2737367544323206e-15,4.4935988276924997e-13,-4.504628595659493e-12,4.9805274199130964e-17,-1.5880934355523082e-14,8,,5.7e+16,0.014736529678792243
cross-h0.4-D2-g0.007-nu1e+07,cross,1,1,10.0,500.0,0.4,0.4,2,0.17,0.007,10000000.0,5.803394722828486e+16,3.937563213678811,0.3128851174385704,5.782020829360967e+16,2.7587029635886346e+19,500.00000000000153,55.117203789076946,323.7153280764581,0.31162354059473635,31.73380242037792,89.12204217349382,3.0695446184836328e-15,4.4468512067954424e-13,-4.369514280543523e-12,2.5839358970247046e-17,-1.5880934355523082e-14,8,,5.7e+16,0.014389619186134572
cross-h0.4-D2-g0.007-nu1e+08,cross,1,1,10.0,500.0,0.4,0.4,2,0.17,0.007,100000000.0,5.764987885257415e+16,3.938118291462134,0.31504647380798717,5.7642911186748856e+16,2.7450265164146303e+19,500.00000000000097,54.77442424118976,321.933906147306,3.0960485634972486,31.56497892646519,88.63064212154278,1.9326762412674726e-15,3.6135226897773767e-13,-3.5815627296752805e-12,5.482291989743805e-17,-1.3234111962935901e-14,8,,5.7e+16,0.01127914362717286
cross-h0.4-D2-g0.03-nu0,cross,1,1,10.0,500.0,0.4,0.4,2,0.17,0.03,0.0,5.718814581753397e+16,3.9321705282757926,0.30265279014281954,5.658752685408111e+16,2.738323870026851e+19,500.00000000000193,55.06312105766066,326.9201837603076,0.0,30.955401298374362,87.0612938836593,3.865352482534945e-15,5.142901677517499e-13,-5.1887255486744016e-12,4.614323269157852e-18,-1.8934960193123674e-14,8,,5.7e+16,-0.007236370981033136
cross-h0.4-D2-g0.03-nu1e+07,cross,1,1,10.0,500.0,0.4,0.4,2,0.17,0.03,10000000.0,5.7146298700448456e+16,3.9322272440022132,0.3028787051043176,5.656782343251077e+16,2.7368207793169494e+19,500.0000000000017,55.025516216671996,326.72355270541533,0.3064413188958468,30.936921394534227,87.0075683644843,3.4106051316484808e-15,5.422052272964906e-13,-5.202417821525521e-12,-2.770140931917227e-17,-1.8934960193123674e-14,8,,5.7e+16,-0.007582045043670771
cross-h0.4-D2-g0.03-nu1e+08,cross,1,1,10.0,500.0,0.4,0.4,2,0.17,0.03,100000000.0,5.67725113008609e+16,3.9327381843373543,0.3049094919247167,5.639118123448551e+16,2.7233772405248254e+19,500.0000000000006,54.689762454269825,324.9657506885898,3.044764788061324,30.771912796899436,86.52780927218019,1.2505552149377763e-15,4.032286074488846e-13,-4.108844406830199e-12,-4.302607181922229e-17,-1.547373091050967e-14,8,,5.7e+16,-0.010681030973938355
power-100,power,1,1,10.0,100.0,0.2,0.2,1,0.17,0.007,10000000.0,1.2756744386794506e+16,3.7014278007683266,1.111956829915409,2.5159611030524864e+16,7.149023299754769e+18,100.0000000000001,8.553448951359528,72.5080889637061,0.0643916782178049,4.776564774807613,14.097505631909048,9.947598300641404e-16,2.4368701869148932e-14,1.2917238538926346e-16,-1.623877136946372e-17,-2.0360172250670616e-16,8,,2.9e+16,-0.13242720584397016
power-1500,power,1,1,10.0,1500.0,0.2,0.2,1,0.17,0.007,10000000.0,3.6358299496948346e+17,3.3236623505612473,0.030214715644390218,4.528395590985495e+16,6.388299523147705e+19,1500.0000000000016,156.48721081031823,1029.1133905540596,1.6479387594402441,75.02611548431679,237.72534439186666,1.0610771520684164e-15,5.504315376016681e-14,-1.4838031909642678e-12,-4.962219592218762e-17,2.4432206700804742e-15,12,,,
pressure-1mtorr,pressure,0,0,1.0,500.0,0.2,0.2,1,0.17,0.007,10000000.0,2.5440338745221232e+17,4.499999999999999,0.006787084704960816,2.3802615092238176e+16,9.885159462679505e+18,577.0415400300792,62.87834669921062,172.23199100901664,1.5611909017744974,81.50931742385667,258.8606939962208,0.15408308006015842,0.36766272977420855,-0.30849272627990837,1.0794274779946623e-17,0.5425220142689445,37,"species,electron,energy,neutral_pressure,oxygen_atoms,source_reaction_domain,no_temperature_bound",2.8e+16,
power-check-100-h0.05,power_check,1,1,10.0,100.0,0.05,0.05,1,0.17,0.007,10000000.0,2.2838458987703856e+16,3.1115863290744854,0.7078003637713352,3.5079020377770056e+16,6.867889100966859e+18,100.0000000000001,5.672312920952585,87.82195658885784,0.09691014862575417,1.3509773003637549,5.05784304120016,9.947598300641404e-16,1.2464115761956595e-14,0.0,-3.765684936608523e-17,4.072034450134123e-16,8,,2.9e+16,0.20962139233689858
pressure-check-1-h0.05,pressure_check,1,1,1.0,500.0,0.05,0.05,1,0.17,0.007,10000000.0,7.763111744875619e+17,3.803886160748371,0.0011244300282221727,7123994803766382.0,5.436536323452757e+18,499.9999999999999,50.22706503912476,206.3431416687535,4.027021580788771,49.26636676219284,190.13640494914003,-2.2737367544323206e-16,1.6398342090476076e-14,7.750343123355808e-16,-3.033231048441901e-17,1.2725107656669134e-16,9,,2.8e+16,-0.7455716141512007
power-check-100-h0.1,power_check,1,1,10.0,100.0,0.1,0.1,1,0.17,0.007,10000000.0,1.8358342616581996e+16,3.317219201060549,0.8474184827964872,3.1226348581419704e+16,6.931841753098097e+18,100.00000000000004,6.660145867680298,82.0708964259407,0.08304782241671245,2.5642619847936197,8.62164789916871,4.263256414560601e-16,1.2723215767738235e-14,0.0,-2.764219468564718e-18,2.0360172250670616e-16,8,,2.9e+16,0.0767706407386104
pressure-check-1-h0.1,pressure_check,0,0,1.0,500.0,0.1,0.1,1,0.17,0.007,10000000.0,3.87484199071416e+17,4.499999999999999,0.0027431220108123065,1.6373569755768318e+16,6.840143924598294e+18,513.1116775211839,62.70554524316588,164.50656251347107,2.3778645883215894,62.76993427060811,220.75177090561724,0.026223355042367755,0.0768234232485222,-0.055470196530318705,-3.69719082669945e-17,0.07599581252605983,35,"species,electron,energy,neutral_pressure,oxygen_atoms,source_reaction_domain,no_temperature_bound",2.8e+16,
power-check-100-h0.2,power_check,1,1,10.0,100.0,0.2,0.2,1,0.17,0.007,10000000.0,1.2756744386794506e+16,3.7014278007683266,1.111956829915409,2.5159611030524864e+16,7.149023299754769e+18,100.0000000000001,8.553448951359528,72.5080889637061,0.0643916782178049,4.776564774807613,14.097505631909048,9.947598300641404e-16,2.4368701869148932e-14,1.2917238538926346e-16,-1.623877136946372e-17,-2.0360172250670616e-16,8,,2.9e+16,-0.13242720584397016
pressure-check-1-h0.2,pressure_check,0,0,1.0,500.0,0.2,0.2,1,0.17,0.007,10000000.0,2.5440338745221232e+17,4.499999999999999,0.006787084704960816,2.3802615092238176e+16,9.885159462679505e+18,577.0415400300792,62.87834669921062,172.23199100901664,1.5611909017744974,81.50931742385667,258.8606939962208,0.15408308006015842,0.36766272977420855,-0.30849272627990837,1.0794274779946623e-17,0.5425220142689445,37,"species,electron,energy,neutral_pressure,oxygen_atoms,source_reaction_domain,no_temperature_bound",2.8e+16,
power-check-100-h0.4,power_check,1,1,10.0,100.0,0.4,0.4,1,0.17,0.007,10000000.0,7279135883677548.0,4.3905165561935044,1.6200147955053195,1.7960530505362854e+16,7.442975422804056e+18,100.00000000000003,11.737128344370621,57.751781308977606,0.043582892894571415,8.70841552875809,21.75909192499914,2.842170943040401e-16,2.019543976261284e-14,0.0,0.0,2.0360172250670616e-16,10,,2.9e+16,-0.3806713618840395
pressure-check-1-h0.4,pressure_check,0,0,1.0,500.0,0.4,0.4,1,0.17,0.007,10000000.0,1.6154474317676842e+17,4.499999999999999,0.018150940867061365,3.1766505395792984e+16,1.425872656898162e+19,638.2256830302977,63.15774712822305,184.32109955138623,0.9913475830758853,101.52596058855053,288.229528179062,0.27645136606059534,0.5512987483979673,-0.5143814235359842,4.1007739978674224e-17,1.2867582168691065,79,"species,electron,energy,neutral_pressure,oxygen_atoms,source_reaction_domain,no_temperature_bound",2.8e+16,
