time [s],Q(edd1:branch1) [C],I(edd1:branch1) conductive [A],V(n2) [V],V(n1) [V],I(v1) [A],I(edd1:branch1) total [A],I(r1) [A],V(edd1:branch1) [V]
0.0,0.0,0.0,0.0,0.0,0.0,0.0,0.0,0.0
2e-10,1.2566342967930573e-17,1.2566342967930574e-14,1.2566342967930573e-11,6.283185307177932e-06,-6.283172740834965e-08,6.283172740834965e-08,6.283172740834964e-08,1.2566342967930573e-11
4e-10,3.769900125748335e-17,3.7699001257483357e-14,3.7699001257483354e-11,1.2566370614345944e-05,-1.2566332915344688e-07,1.2566332915344688e-07,1.2566332915344688e-07,3.7699001257483354e-11
8e-10,1.130968931922988e-16,1.130968931922988e-13,1.130968931922988e-10,2.5132741228612508e-05,-2.5132628131719316e-07,2.5132628131719316e-07,2.5132628131719316e-07,1.130968931922988e-10
1.6e-09,4.146874656746238e-16,4.1468746567462384e-13,4.146874656746238e-10,5.026548245659001e-05,-5.026506776912435e-07,5.026506776912435e-07,5.026506776912434e-07,4.146874656746238e-10
3.2e-09,1.6210411301725543e-15,1.6210411301725544e-12,1.6210411301725543e-09,0.00010053096490809997,-1.005293438669698e-06,1.005293438669698e-06,1.005293438669698e-06,1.6210411301725543e-09
6.4e-09,6.446385458395249e-15,6.446385458395249e-12,6.4463854583952495e-09,0.00020106192977555935,-2.0105548339010095e-06,2.0105548339010095e-06,2.0105548339010095e-06,6.4463854583952495e-09
1.28e-08,2.5747197492423897e-14,2.57471974924239e-11,2.57471974924239e-08,0.00040212385922599433,-4.020981120285019e-06,4.020981120285019e-06,4.020981120285019e-06,2.57471974924239e-08
2.56e-08,1.0294591830167442e-13,1.0294591830167441e-10,1.029459183016744e-07,0.0008042477158509937,-8.041447699326921e-06,8.041447699326921e-06,8.041447699326921e-06,1.029459183016744e-07
5.06e-08,4.0211316915074215e-13,4.0211316915074114e-10,4.021131691507411e-07,0.0015896458559364764,-1.5892437427673256e-05,1.5892437427673256e-05,1.5892437427673256e-05,4.021131691507411e-07
7.56e-08,8.97520696085375e-13,8.975206960853444e-10,8.975206960853445e-07,0.00237504395679902,-2.3741464361029347e-05,2.3741464361029347e-05,2.3741464361029347e-05,8.975206960853445e-07
1.006e-07,1.5891145282250078e-12,1.5891145282247687e-09,1.5891145282247686e-06,0.003160441999059703,-3.1588528845314786e-05,3.1588528845314786e-05,3.1588528845314786e-05,1.5891145282247686e-06
1.256e-07,2.4768407046844145e-12,2.4768407046833404e-09,2.4768407046833404e-06,0.003945839963339606,-3.9433631226349226e-05,3.9433631226349226e-05,3.9433631226349226e-05,2.4768407046833404e-06
1.506e-07,3.5606452745600662e-12,3.5606452745565525e-09,3.5606452745565523e-06,0.004731237830259808,-4.727677184985251e-05,4.727677184985252e-05,4.727677184985252e-05,3.5606452745565523e-06
1.756e-07,4.84047429695473e-12,4.840474296945347e-09,4.840474296945348e-06,0.005516635580441399,-5.511795106144453e-05,5.511795106144453e-05,5.511795106144453e-05,4.840474296945348e-06
2.006e-07,6.316273840950948e-12,6.316273840929233e-09,6.316273840929233e-06,0.0063020331945054615,-6.295716920664532e-05,6.295716920664532e-05,6.295716920664532e-05,6.316273840929233e-06
2.256e-07,7.987989985618857e-12,7.987989985573651e-09,7.987989985573651e-06,0.007087430653073089,-7.079442663087516e-05,7.079442663087516e-05,7.079442663087516e-05,7.987989985573651e-06
2.5060000000000003e-07,9.855568820004557e-12,9.855568819917838e-09,9.855568819917837e-06,0.007872827936765374,-7.862972367945457e-05,7.862972367945456e-05,7.862972367945456e-05,9.855568819917837e-06
2.7560000000000006e-07,1.1918956443172309e-11,1.1918956443016449e-08,1.1918956443016451e-05,0.008658225026203418,-8.646306069760401e-05,8.646306069760401e-05,8.646306069760402e-05,1.1918956443016451e-05
3.006000000000001e-07,1.4178098964087224e-11,1.417809896382162e-08,1.417809896382162e-05,0.009443621902008323,-9.429443803044502e-05,9.429443803044501e-05,9.429443803044502e-05,1.417809896382162e-05
3.256000000000001e-07,1.6632942501712258e-11,1.6632942501279212e-08,1.663294250127921e-05,0.010229018544801198,-0.00010212385602299919,0.0001021238560229992,0.0001021238560229992,1.663294250127921e-05
3.5060000000000014e-07,1.9283433185062748e-11,1.9283433184382606e-08,1.928343318438261e-05,0.011014414935203155,-0.00010995131502018773,0.00010995131502018773,0.00010995131502018773,1.928343318438261e-05
3.7560000000000016e-07,2.212951715300431e-11,2.212951715196976e-08,2.2129517151969758e-05,0.01179981105383532,-0.0001177768153668335,0.0001177768153668335,0.0001177768153668335,2.2129517151969758e-05
4.006000000000002e-07,2.5171140554461893e-11,2.5171140552931318e-08,2.517114055293132e-05,0.012585206881318815,-0.00012560035740765882,0.00012560035740765882,0.00012560035740765882,2.517114055293132e-05
4.256000000000002e-07,2.8408249548302824e-11,2.8408249546092724e-08,2.8408249546092723e-05,0.013370602398274782,-0.0001334219414872869,0.0001334219414872869,0.0001334219414872869,2.8408249546092723e-05
4.5060000000000024e-07,3.184079030325283e-11,3.184079030012915e-08,3.184079030012915e-05,0.014155997585324355,-0.00014124156795024224,0.00014124156795024224,0.00014124156795024227,3.184079030012915e-05
4.7560000000000026e-07,3.546870899814171e-11,3.546870899381015e-08,3.546870899381015e-05,0.01494139242308869,-0.0001490592371409488,0.0001490592371409488,0.0001490592371409488,3.546870899381015e-05
5.006000000000002e-07,3.9291951821795314e-11,3.929195181589032e-08,3.929195181589032e-05,0.015726786892188944,-0.00015687494940373053,0.00015687494940373053,0.00015687494940373053,3.929195181589032e-05
5.256000000000002e-07,4.3310464972609924e-11,4.3310464964682605e-08,4.3310464964682605e-05,0.016512180973246283,-0.00016468870508281602,0.000164688705082816,0.00016468870508281602,4.3310464964682605e-05
5.506000000000002e-07,4.7524194659421016e-11,4.752419464892563e-08,4.752419464892563e-05,0.017297574646881888,-0.0001725005045223296,0.00017250050452232964,0.0001725005045223296,4.752419464892563e-05
5.756000000000002e-07,5.19330871007014e-11,5.193308708698052e-08,5.193308708698052e-05,0.018082967893716946,-0.00018031034806629965,0.00018031034806629967,0.00018031034806629965,5.193308708698052e-05
6.006000000000001e-07,5.653708852511259e-11,5.653708850738084e-08,5.6537088507380845e-05,0.01886836069437266,-0.00018811823605865283,0.0001881182360586528,0.0001881182360586528,5.6537088507380845e-05
6.256000000000001e-07,6.133614517092341e-11,6.13361451482497e-08,6.13361451482497e-05,0.019653753029470238,-0.00019592416884321989,0.00019592416884321989,0.00019592416884321989,6.13361451482497e-05
6.506000000000001e-07,6.633020328661877e-11,6.63302032579069e-08,6.63302032579069e-05,0.020439144879630895,-0.00020372814676372988,0.00020372814676372988,0.00020372814676372988,6.63302032579069e-05
6.756e-07,7.151920913065142e-11,7.151920909461914e-08,7.151920909461915e-05,0.021224536225475862,-0.00021153017016381243,0.00021153017016381243,0.00021153017016381243,7.151920909461915e-05
7.006e-07,7.690310897097534e-11,7.69031089261317e-08,7.69031089261317e-05,0.022009927047626394,-0.00021933023938700263,0.00021933023938700263,0.00021933023938700263,7.69031089261317e-05
7.256e-07,8.248184908624093e-11,8.248184903086181e-08,8.248184903086181e-05,0.02279531732670375,-0.00022712835477672888,0.00022712835477672888,0.00022712835477672888,8.248184903086181e-05
7.506e-07,8.825537576397544e-11,8.82553756960773e-08,8.82553756960773e-05,0.02358070704332919,-0.00023492451667633116,0.00023492451667633113,0.00023492451667633113,8.82553756960773e-05
7.755999999999999e-07,9.422363530261098e-11,9.422363521992272e-08,9.422363521992272e-05,0.02436609617812401,-0.00024271872542904087,0.0002427187254290409,0.00024271872542904087,9.422363521992272e-05
8.005999999999999e-07,1.0038657401005704e-10,1.003865739099899e-07,0.0001003865739099899,0.025151484711709506,-0.00025051098137799516,0.00025051098137799516,0.00025051098137799516,0.0001003865739099899
8.255999999999999e-07,1.0674413820408775e-10,1.0674413808370308e-07,0.00010674413808370309,0.02593687262470699,-0.0002583012848662329,0.0002583012848662329,0.0002583012848662329,0.00010674413808370309
8.505999999999998e-07,1.1329627421292308e-10,1.1329627406889836e-07,0.00011329627406889836,0.026722259897737792,-0.00026608963623668894,0.00026608963623668894,0.00026608963623668894,0.00011329627406889836
8.755999999999998e-07,1.200429283737013e-10,1.2004292820229356e-07,0.00012004292820229356,0.02750764651142327,-0.00027387603583220975,0.00027387603583220975,0.00027387603583220975,0.00012004292820229356
9.005999999999998e-07,1.2698404703435095e-10,1.2698404683135837e-07,0.00012698404683135836,0.028293032446384772,-0.00028166048399553417,0.00028166048399553417,0.0002816604839955341,0.00012698404683135836
9.255999999999998e-07,1.341195765524762e-10,1.3411957631319706e-07,0.00013411957631319707,0.029078417683243676,-0.0002894429810693048,0.0002894429810693048,0.0002894429810693048,0.00013411957631319707
9.505999999999997e-07,1.4144946329532074e-10,1.414494630145105e-07,0.0001414494630145105,0.029863802202621387,-0.00029722352739606876,0.00029722352739606876,0.00029722352739606876,0.0001414494630145105
9.755999999999998e-07,1.4897365364023535e-10,1.4897365331206087e-07,0.00014897365331206086,0.030649185985139327,-0.00030500212331827266,0.00030500212331827266,0.00030500212331827266,0.00014897365331206086
1.0005999999999998e-06,1.5669209397466975e-10,1.5669209359266133e-07,0.00015669209359266134,0.0314345690114189,-0.0003127787691782624,0.0003127787691782624,0.0003127787691782624,0.00015669209359266134
1.0255999999999998e-06,1.6460473069572428e-10,1.646047302527251e-07,0.0001646047302527251,0.03221995126208158,-0.00032055346531828857,0.00032055346531828857,0.00032055346531828857,0.0001646047302527251
1.0505999999999997e-06,1.7271151020991295e-10,1.7271150969802586e-07,0.00017271150969802584,0.033005332717748824,-0.000328326212080508,0.000328326212080508,0.000328326212080508,0.00017271150969802584
1.0755999999999997e-06,1.8101237893512998e-10,1.8101237834566157e-07,0.00018101237834566158,0.033790713359042136,-0.00033609700980696475,0.00033609700980696475,0.00033609700980696475,0.00018101237834566158
1.1005999999999997e-06,1.8950728329712034e-10,1.8950728262052267e-07,0.0001895072826205227,0.03457609316658301,-0.0003438658588396249,0.0003438658588396249,0.0003438658588396249,0.0001895072826205227
1.1255999999999997e-06,1.9819616973369473e-10,1.9819616895950382e-07,0.00019819616895950382,0.035361472120992984,-0.0003516327595203348,0.0003516327595203348,0.0003516327595203348,0.00019819616895950382
1.1505999999999996e-06,2.070789846907424e-10,2.0707898380751406e-07,0.00020707898380751405,0.03614685020289361,-0.000359397712190861,0.000359397712190861,0.000359397712190861,0.00020707898380751405
1.1755999999999996e-06,2.1615567462497495e-10,2.1615567362021777e-07,0.00021615567362021776,0.03693222739290646,-0.0003671607171928625,0.00036716071719286245,0.00036716071719286245,0.00021615567362021776
1.2005999999999996e-06,2.254261860023958e-10,2.254261848625011e-07,0.0002254261848625011,0.037717603671653124,-0.00037492177486790623,0.00037492177486790623,0.00037492177486790623,0.0002254261848625011
1.2255999999999995e-06,2.348904652993441e-10,2.3489046400951286e-07,0.00023489046400951286,0.03850297901975522,-0.00038268088555745705,0.00038268088555745705,0.00038268088555745705,0.00023489046400951286
1.2505999999999995e-06,2.445484590021577e-10,2.445484575463244e-07,0.0002445484575463244,0.0392883534178344,-0.0003904380496028807,0.0003904380496028807,0.0003904380496028807,0.0002445484575463244
1.2755999999999995e-06,2.5440011360730135e-10,2.544001119680547e-07,0.00025440011196805473,0.0400737268465123,-0.00039819326734544247,0.00039819326734544247,0.00039819326734544247,0.00025440011196805473
1.3005999999999995e-06,2.644453756193715e-10,2.644453737778718e-07,0.0002644453737778718,0.04085909928641064,-0.0004059465391263277,0.0004059465391263277,0.0004059465391263277,0.0002644453737778718
1.3255999999999994e-06,2.746841915551795e-10,2.746841894910729e-07,0.00027468418949107287,0.04164447071815111,-0.0004136978652866004,0.0004136978652866004,0.0004136978652866004,0.00027468418949107287
1.3505999999999994e-06,2.8511650793930016e-10,2.8511650563062956e-07,0.00028511650563062957,0.04242984112235545,-0.0004214472461672482,0.0004214472461672482,0.0004214472461672482,0.00028511650563062957
1.3755999999999994e-06,2.957422713089328e-10,2.957422687320452e-07,0.0002957422687320452,0.04321521047964543,-0.00042919468210913386,0.00042919468210913386,0.00042919468210913386,0.0002957422687320452
1.4005999999999993e-06,3.065614282065627e-10,3.0656142533601325e-07,0.00030656142533601327,0.044000578770642826,-0.0004369401734530681,0.0004369401734530681,0.0004369401734530681,0.00030656142533601327
1.4255999999999993e-06,3.1757392518976286e-10,3.1757392199821545e-07,0.00031757392199821544,0.044785945975969466,-0.0004446837205397125,0.0004446837205397125,0.0004446837205397125,0.00031757392199821544
1.4505999999999993e-06,3.287797088224614e-10,3.287797052805852e-07,0.0003287797052805852,0.04557131207624719,-0.00045242532370966607,0.00045242532370966607,0.00045242532370966607,0.0003287797052805852
1.4755999999999993e-06,3.401787256801491e-10,3.401787217565122e-07,0.0003401787217565122,0.04635667705209785,-0.0004601649833034134,0.0004601649833034134,0.0004601649833034134,0.0003401787217565122
1.5005999999999992e-06,3.5177092234682356e-10,3.5177091800778214e-07,0.00035177091800778215,0.047142040884143366,-0.00046790269966135584,0.00046790269966135584,0.00046790269966135584,0.00035177091800778215
1.5255999999999992e-06,3.6355624541699783e-10,3.6355624062658217e-07,0.00036355624062658215,0.04792740355300564,-0.0004756384731237906,0.0004756384731237906,0.0004756384731237906,0.00036355624062658215
1.5505999999999992e-06,3.755346414954059e-10,3.7553463621520234e-07,0.00037553463621520233,0.04871276503930663,-0.0004833723040309143,0.0004833723040309143,0.0004833723040309143,0.00037553463621520233
1.5755999999999992e-06,3.877060571963203e-10,3.8770605138534895e-07,0.0003877060513853489,0.04949812532366833,-0.0004911041927228299,0.0004911041927228299,0.0004911041927228298,0.0003877060513853489
1.6005999999999991e-06,4.000704391431456e-10,4.0007043275773475e-07,0.0004000704327577348,0.05028348438671275,-0.0004988341395395501,0.0004988341395395501,0.0004988341395395501,0.0004000704327577348
1.625599999999999e-06,4.126277339702343e-10,4.1262772696389064e-07,0.0004126277269638906,0.05106884220906191,-0.0005065621448209802,0.0005065621448209802,0.0005065621448209802,0.0004126277269638906
1.650599999999999e-06,4.253778883221691e-10,4.25377880645443e-07,0.0004253778806454431,0.0518541987713379,-0.0005142882089069246,0.0005142882089069246,0.0005142882089069245,0.0004253778806454431
1.675599999999999e-06,4.3832084885131006e-10,4.3832084045165867e-07,0.00043832084045165864,0.05263955405416283,-0.0005220123321371117,0.0005220123321371117,0.0005220123321371117,0.00043832084045165864
1.700599999999999e-06,4.51456562221304e-10,4.514565530429476e-07,0.00045145655304294763,0.053424908038158817,-0.0005297345148511587,0.0005297345148511587,0.0005297345148511587,0.00045145655304294763
1.725599999999999e-06,4.6478497510536684e-10,4.6478496508914336e-07,0.00046478496508914335,0.05421026070394805,-0.0005374547573885891,0.0005374547573885891,0.0005374547573885891,0.00046478496508914335
1.750599999999999e-06,4.783060341869131e-10,4.783060232701267e-07,0.00047830602327012667,0.0549956120321527,-0.0005451730600888258,0.0005451730600888258,0.0005451730600888258,0.00047830602327012667
1.775599999999999e-06,4.920196861565416e-10,4.920196742728075e-07,0.0004920196742728075,0.05578096200339504,-0.0005528894232912224,0.0005528894232912224,0.0005528894232912223,0.0004920196742728075
1.800599999999999e-06,5.059258777209354e-10,5.059258648000206e-07,0.0005059258648000206,0.0565663105982973,-0.0005606038473349728,0.0005606038473349728,0.0005606038473349728,0.0005059258648000206
1.8255999999999989e-06,5.200245555898009e-10,5.200245415574595e-07,0.0005200245415574595,0.05735165779748179,-0.0005683163325592433,0.0005683163325592433,0.0005683163325592433,0.0005200245415574595
1.8505999999999988e-06,5.343156664855444e-10,5.343156512633492e-07,0.0005343156512633493,0.058137003581570854,-0.0005760268793030751,0.0005760268793030751,0.000576026879303075,0.0005343156512633493
1.8755999999999988e-06,5.487991571404326e-10,5.487991406456019e-07,0.0005487991406456019,0.05892234793118684,-0.0005837354879054124,0.0005837354879054124,0.0005837354879054124,0.0005487991406456019
1.9005999999999988e-06,5.634749742967492e-10,5.634749564419686e-07,0.0005634749564419686,0.05970769082695218,-0.0005914421587051022,0.0005914421587051022,0.0005914421587051021,0.0005634749564419686
1.925599999999999e-06,5.783430647066336e-10,5.783430453998734e-07,0.0005783430453998734,0.060493032249489306,-0.0005991468920408943,0.0005991468920408943,0.0005991468920408943,0.0005783430453998734
1.950599999999999e-06,5.934033751287544e-10,5.934033542730824e-07,0.0005934033542730824,0.061278372179420705,-0.0006068496882514762,0.0006068496882514762,0.0006068496882514762,0.0005934033542730824
1.9755999999999993e-06,6.086558523392857e-10,6.086558298326744e-07,0.0006086558298326744,0.06206371059736885,-0.0006145505476753618,0.0006145505476753618,0.0006145505476753617,0.0006086558298326744
2e-06,6.237275235181041e-10,6.237274992946796e-07,0.0006237274992946795,0.06283019941676304,-0.0006220647191746836,0.0006220647191746836,0.0006220647191746836,0.0006237274992946795
