case_id,family,converged,source_domain_valid,pressure_mtorr,power_w,hL,hR,diffusion_scale,gamma_o,gamma_meta,nu_s,ne_m3,te_ev,alpha,n_O2plus_m3,n_O_m3,loss_total_w,loss_ionization_w,loss_excitation_w,loss_elastic_w,loss_electron_wall_w,loss_ion_wall_w,energy_residual_rel,particle_residual_rel,atoms_residual_rel,charge_residual_rel,pressure_residual_rel,nfev,error,reference_o2plus_density_m3,reference_deviation_rel,transport_mode,transport_domain_valid,lambda_i_m,ion_temperature_k,cross_section_scale,transport_warnings
paired-1mtorr-100-explicit_h,paired,0,0,1.0,100.0,0.2,0.2,1,0.17,0.007,10000000.0,3.374174890147294e+16,4.499999999999999,0.13253931624791782,3.2510009212206716e+16,3.0503127803028424e+18,92.88817328823522,10.055314909184345,42.76732319648277,0.20706214615492965,9.386224456377382,30.47224858003579,-0.07111826711764778,0.3587107271610475,-0.1144622752683587,2.0476098458679296e-17,0.6668667250783675,38,"species,electron,energy,neutral_pressure,oxygen_atoms,source_reaction_domain,no_temperature_bound",,,explicit_h,,,600.0,1,
paired-1mtorr-100-gudmundsson_2000,paired,0,0,1.0,100.0,0.35150379142606436,0.2342552449822135,1,0.17,0.007,10000000.0,2.3090844258119732e+16,4.499999999999999,0.2496774090879973,2.6629128473866604e+16,2.7786025218586255e+18,90.75106390473559,8.825022105289339,38.86608229135846,0.14170100615047815,10.760448977553077,32.15780952438424,-0.09248936095264412,0.45132590124846217,-0.13721916644827173,2.227681919840197e-17,1.1201478555427034,32,"species,electron,energy,neutral_pressure,oxygen_atoms,source_reaction_domain,no_temperature_bound",,,gudmundsson_2000,True,0.042256071958231285,600.0,1,
paired-1mtorr-500-explicit_h,paired,0,0,1.0,500.0,0.2,0.2,1,0.17,0.007,10000000.0,2.5440338745221232e+17,4.499999999999999,0.006787084704960816,2.3802615092238176e+16,9.885159462679505e+18,577.0415400300792,62.87834669921062,172.23199100901664,1.5611909017744974,81.50931742385667,258.8606939962208,0.15408308006015842,0.36766272977420855,-0.30849272627990837,1.0794274779946623e-17,0.5425220142689445,37,"species,electron,energy,neutral_pressure,oxygen_atoms,source_reaction_domain,no_temperature_bound",2.8e+16,,explicit_h,,,600.0,1,
paired-1mtorr-500-gudmundsson_2000,paired,0,0,1.0,500.0,0.42100289197039525,0.27866877516286553,1,0.17,0.007,10000000.0,1.3599760678170787e+17,4.499999999999999,0.028741589460812806,4.175556986797496e+16,1.424931146490713e+19,551.8214793044675,60.01546850120659,187.9181831597707,0.8345731104330923,78.0136899700676,225.03956456298948,0.10364295860893503,0.47057849715443845,-0.46295122794380156,-9.388252555242051e-18,1.5482129064945458,136,"species,electron,energy,neutral_pressure,oxygen_atoms,source_reaction_domain,no_temperature_bound",2.8e+16,,gudmundsson_2000,True,0.0399704773867952,600.0,1,
paired-1mtorr-1500-explicit_h,paired,0,0,1.0,1500.0,0.2,0.2,1,0.17,0.007,10000000.0,8.146489660936116e+17,4.499999999999999,0.0008623280925039805,1.0876382078072462e+16,1.0148674217781508e+19,1594.0661587860557,156.31888294825032,325.62750172983203,4.999235925049344,265.6907335128271,841.4298046700969,0.06271077252403712,0.27891807125869045,-0.5106713588267788,2.575808329083981e-17,0.3821510329191071,32,"species,electron,energy,neutral_pressure,oxygen_atoms,source_reaction_domain,no_temperature_bound",,,explicit_h,,,600.0,1,
paired-1mtorr-1500-gudmundsson_2000,paired,0,0,1.0,1500.0,0.4486547138926164,0.3101500998948162,1,0.17,0.007,10000000.0,4.8043639307590944e+17,4.499999999999999,0.0028342993000100656,1.8121521333824252e+16,1.6398432393894574e+19,1703.074762350511,156.33675623603057,345.51446682491394,2.9482819913015406,313.6947107622161,884.5805465360488,0.13538317490034069,0.49249495338607874,-0.7003497090723471,1.7858126982619237e-17,1.1019403335214073,35,"species,electron,energy,neutral_pressure,oxygen_atoms,source_reaction_domain,no_temperature_bound",,,gudmundsson_2000,True,0.05808127134897786,600.0,1,
paired-10mtorr-100-explicit_h,paired,1,1,10.0,100.0,0.2,0.2,1,0.17,0.007,10000000.0,1.2756744386794506e+16,3.7014278007683266,1.111956829915409,2.5159611030524864e+16,7.149023299754769e+18,100.0000000000001,8.553448951359528,72.5080889637061,0.0643916782178049,4.776564774807613,14.097505631909048,9.947598300641404e-16,2.4368701869148932e-14,1.2917238538926346e-16,-1.623877136946372e-17,-2.0360172250670616e-16,8,,2.9e+16,-0.13242720584397016,explicit_h,,,600.0,1,
paired-10mtorr-100-gudmundsson_2000,paired,1,1,10.0,100.0,0.1696428034742563,0.09275914141715383,1,0.17,0.007,10000000.0,1.5487748046190248e+16,3.49034590254515,0.9655652856891381,2.826911191563438e+16,7.023082623886224e+18,100.00000000000001,7.512143893604975,77.61268293516213,0.07371864634128993,3.5662261869467526,11.235228337944871,1.4210854715202004e-16,1.6708695995073943e-14,3.875171561677904e-16,1.64245793641401e-17,2.0360172250670616e-16,8,,2.9e+16,-0.025203037391917982,gudmundsson_2000,True,0.008972626274421308,600.0,1,
paired-10mtorr-500-explicit_h,paired,1,1,10.0,500.0,0.2,0.2,1,0.17,0.007,10000000.0,8.572558407021154e+16,3.5385270780260014,0.19600590326505232,6.186260571046462e+16,3.374763704005209e+19,500.00000000000006,48.17349312136227,371.05991147863153,0.4136695788749595,19.25468046732378,61.09824535380752,1.1368683772161603e-16,1.6035557402318076e-14,-1.2981824731619293e-13,4.40427159819792e-17,-6.108051675201186e-16,9,,5.7e+16,0.08530887211341454,explicit_h,,,600.0,1,
paired-10mtorr-500-gudmundsson_2000,paired,1,1,10.0,500.0,0.27003749157814083,0.14830809595009806,1,0.17,0.007,10000000.0,8.069547107845654e+16,3.5990590325103917,0.20831224796304978,6.132893282228717e+16,3.3693336280647893e+19,500.00000000000017,49.5533198758209,362.41660868918785,0.3960579538450243,21.35376856111353,66.28024492003286,3.410605131648481e-16,1.2353992119026066e-14,-6.52320546215738e-14,4.078302858639459e-17,2.0360172250670616e-16,8,,5.7e+16,0.07594618986468715,gudmundsson_2000,True,0.009331597796601225,600.0,1,
paired-10mtorr-1500-explicit_h,paired,1,1,10.0,1500.0,0.2,0.2,1,0.17,0.007,10000000.0,3.6358299496948346e+17,3.3236623505612473,0.030214715644390218,4.528395590985495e+16,6.388299523147705e+19,1500.0000000000016,156.48721081031823,1029.1133905540596,1.6479387594402441,75.02611548431679,237.72534439186666,1.0610771520684164e-15,5.504315376016681e-14,-1.4838031909642678e-12,-4.962219592218762e-17,2.4432206700804742e-15,12,,,,explicit_h,,,600.0,1,
paired-10mtorr-1500-gudmundsson_2000,paired,1,1,10.0,1500.0,0.318619183941418,0.176419081456913,1,0.17,0.007,10000000.0,3.002312107227885e+17,3.5168353730273774,0.037223134652969794,5.4400596332716104e+16,6.592175214935834e+19,1499.9999999999993,174.7564907301913,959.6411694503431,1.439887245357163,90.56271075936418,273.5997418147435,-4.547473508864641e-16,4.0729579466613485e-14,-5.941929727906084e-15,4.894623232342525e-17,0.0,15,,,,gudmundsson_2000,True,0.010015485614935739,600.0,1,
cross-D0.5-gO0.15-gM0.001,cross,1,1,10.0,500.0,0.2805192350862319,0.1541247899430586,0.5,0.15,0.001,10000000.0,8.645004052933992e+16,3.553083540542833,0.16211725336532287,5.301871775441974e+16,4.536618607310795e+19,500.00000000000153,51.76869089652617,352.85778288872484,0.4188815463536285,23.23636168754881,71.71828298084806,3.0695446184836328e-15,3.382544235200682e-13,-3.2294388071065467e-12,-3.024993748562773e-17,-1.4048518852962726e-14,8,,5.7e+16,-0.06984705694000448,gudmundsson_2000,True,0.009363630262762447,600.0,1,
cross-D0.5-gO0.15-gM0.007,cross,1,1,10.0,500.0,0.28034655009540926,0.1539199404938599,0.5,0.15,0.007,10000000.0,8.596943048024035e+16,3.552007375060758,0.16065823282331582,5.2786014698980024e+16,4.521725044653557e+19,500.00000000001336,51.64232089426664,353.761888721177,0.41642665136724016,23.039675973138277,71.13968776006419,2.6716406864579765e-14,3.3296472348724673e-12,-3.327997337058228e-11,1.542438477388774e-17,-1.384491713045602e-13,8,,5.7e+16,-0.07392956668456097,gudmundsson_2000,True,0.00930491040694329,600.0,1,
cross-D0.5-gO0.15-gM0.03,cross,1,1,10.0,500.0,0.2799511747910325,0.15343198326965646,0.5,0.15,0.03,10000000.0,8.478954341226432e+16,3.5493210685962895,0.15688139558881695,5.220404335248407e+16,4.484478630211019e+19,500.00000000000057,51.330504792709085,355.97737845652114,0.4104007934684989,22.558464704456746,69.72325125284509,1.1368683772161603e-15,1.7543167548296928e-14,1.2917238538926346e-15,1.2185695665633657e-17,0.0,9,,5.7e+16,-0.08413959030729701,gudmundsson_2000,True,0.009160865861616648,600.0,1,
cross-D0.5-gO0.17-gM0.001,cross,1,1,10.0,500.0,0.2790137801743349,0.153307945415542,0.5,0.17,0.001,10000000.0,8.55911733945598e+16,3.560478765856204,0.16891242571499,5.432665757163059e+16,4.355794541649906e+19,500.0,51.42805963921568,354.2512226967387,0.4155832053761618,22.965933677675036,70.93920078099445,0.0,2.3477500771950825e-13,-2.56549274620958e-12,-1.4289932077535036e-17,-9.772882680321897e-15,8,,5.7e+16,-0.046900744357358026,gudmundsson_2000,True,0.009369162044829741,600.0,1,
cross-D0.5-gO0.17-gM0.007,cross,1,1,10.0,500.0,0.2788432324159505,0.15310238625041492,0.5,0.17,0.007,10000000.0,8.511064252986347e+16,3.5593385775301027,0.16739038399938902,5.407854712406702e+16,4.3409399649517265e+19,500.0000000000089,51.30308085992724,355.15676366540265,0.4131176774239651,22.768628070650493,70.35840972660455,1.7848833522293717e-14,2.0647962173859952e-12,-2.0967003251174852e-11,-4.827901719673057e-17,-8.693793551036354e-14,8,,5.7e+16,-0.05125355922689434,gudmundsson_2000,True,0.009309101732066612,600.0,1,
cross-D0.5-gO0.17-gM0.03,cross,1,1,10.0,500.0,0.2784557954957788,0.15261469357135382,0.5,0.17,0.03,10000000.0,8.393331463978382e+16,3.5564974596995547,0.16345400651528177,5.345932132886604e+16,4.303885216415076e+19,499.99999999999994,50.99525607963075,357.3712553099892,0.4070778623417713,22.28689550487113,68.93951524316714,-1.1368683772161603e-16,1.5411531668688517e-14,2.5834477077852693e-16,-1.6240615125233e-17,-2.0360172250670616e-16,9,,5.7e+16,-0.062117169669016814,gudmundsson_2000,True,0.009162079112798786,600.0,1,
cross-D0.5-gO0.19-gM0.001,cross,1,1,10.0,500.0,0.277752047301313,0.15262328583889745,0.5,0.19,0.001,10000000.0,8.489843279358514e+16,3.5665414092245324,0.17466716230101895,5.540985073042749e+16,4.207824877389472e+19,500.00000000000074,51.15239772226649,355.37974401104094,0.41292155313963586,22.746848629006678,70.308088084547,1.4779288903810083e-15,1.568612967241954e-13,-1.5774531703711972e-12,-2.1229747049830455e-17,-7.126060287734716e-15,8,,5.7e+16,-0.02789735560653528,gudmundsson_2000,True,0.009373815435861592,600.0,1,
cross-D0.5-gO0.19-gM0.007,cross,1,1,10.0,500.0,0.2775835691572405,0.15241733023104517,0.5,0.19,0.007,10000000.0,8.441809620502445e+16,3.565347134235477,0.1730909942449715,5.51485929455846e+16,4.193032969101822e+19,500.0000000000052,51.02868189146765,356.2861103155154,0.4104478475181057,22.54909514309744,69.72566480240663,1.0345502232667058e-14,1.2666169664231924e-12,-1.2743114163259232e-11,7.289449760223982e-17,-5.0289625459156424e-14,8,,5.7e+16,-0.032480825516059686,gudmundsson_2000,True,0.009312644503008163,600.0,1,
cross-D0.5-gO0.19-gM0.03,cross,1,1,10.0,500.0,0.27720347138432183,0.1519303508124023,0.5,0.19,0.03,10000000.0,8.324317594944082e+16,3.562375501181752,0.16901772000610385,5.449765531029003e+16,4.156210771108767e+19,499.99999999999994,50.72440619399319,358.4989424437538,0.4043979495721104,22.067083060479767,68.3051703522011,-1.1368683772161603e-16,1.1035538641312985e-14,-1.1625514685033698e-15,-4.7928587031241987e-17,-2.0360172250670616e-16,9,,5.7e+16,-0.04390078402999942,gudmundsson_2000,True,0.00916316239916812,600.0,1,
cross-D1-gO0.15-gM0.001,cross,1,1,10.0,500.0,0.2723059443203756,0.14966659710360472,1,0.15,0.001,10000000.0,8.215591542176826e+16,3.591447290305035,0.20013264700016975,5.9962800043032e+16,3.6039504630033773e+19,500.0000000000002,50.057683654777655,359.8826190297175,0.40237310481722577,21.871262699551373,67.78606151113647,4.547473508864641e-16,1.4882683868388127e-14,-8.744970490852372e-14,-1.1885383523672574e-17,-6.108051675201186e-16,8,,5.7e+16,0.05197894812336834,gudmundsson_2000,True,0.00939361245171446,600.0,1,
cross-D1-gO0.15-gM0.007,cross,1,1,10.0,500.0,0.2721451309382228,0.14945539829292745,1,0.15,0.007,10000000.0,8.16643762235109e+16,3.5899757709240068,0.19825686607820328,5.963362324518532e+16,3.5893094591511753e+19,499.99999999999994,49.93698128749517,360.81414940655446,0.39980182731868763,21.666749992206185,67.18231748642542,-1.1368683772161603e-16,3.813280241477075e-14,-3.2383517017077863e-13,8.063597263292487e-18,-1.018008612533531e-15,8,,5.7e+16,0.04620391658219858,gudmundsson_2000,True,0.009325966702151146,600.0,1,
cross-D1-gO0.15-gM0.03,cross,1,1,10.0,500.0,0.27177345366547184,0.14893042401401205,1,0.15,0.03,10000000.0,8.038500469850243e+16,3.5860702510100735,0.19305618210421116,5.87597856332151e+16,3.55054200300711e+19,500.000000000011,49.62049513284125,363.2338089617553,0.3931103178108305,21.136554362512047,65.6160312250916,2.205524651799351e-14,3.208312330744143e-12,-3.1889432641957484e-11,-2.5171701489378935e-17,-1.2032861800146336e-13,8,,5.7e+16,0.0308734321616686,gudmundsson_2000,True,0.009150163731808256,600.0,1,
cross-D1-gO0.17-gM0.001,cross,1,1,10.0,500.0,0.27019225808261926,0.14851822710137044,1,0.17,0.001,10000000.0,8.118578464300842e+16,3.6006270769002673,0.21029438771238768,6.168263495385446e+16,3.383650054083154e+19,499.9999999999995,49.671252777654765,361.486269729714,0.39863804434986305,21.55853892733265,66.88530052094819,-1.0231815394945442e-15,1.649876805454951e-14,-2.0667581662281728e-14,-2.5443039774881816e-17,2.0360172250670616e-16,8,,5.7e+16,0.08215149041849945,gudmundsson_2000,True,0.009401044172461398,600.0,1,
cross-D1-gO0.17-gM0.007,cross,1,1,10.0,500.0,0.27003749157814083,0.14830809595009806,1,0.17,0.007,10000000.0,8.069547107845654e+16,3.5990590325103917,0.20831224796304978,6.132893282228717e+16,3.3693336280647893e+19,500.00000000000017,49.5533198758209,362.41660868918785,0.3960579538450243,21.35376856111353,66.28024492003286,3.410605131648481e-16,1.2353992119026066e-14,-6.52320546215738e-14,4.078302858639459e-17,2.0360172250670616e-16,8,,5.7e+16,0.07594618986468715,gudmundsson_2000,True,0.009331597796601225,600.0,1,
cross-D1-gO0.17-gM0.03,cross,1,1,10.0,500.0,0.26968617147837043,0.14778927487554427,1,0.17,0.03,10000000.0,7.942269226826006e+16,3.594906689658038,0.20282408953869446,6.039256166070988e+16,3.331550097860241e+19,500.00000000000153,49.24467237707374,364.82683084565076,0.3893613463853101,20.824343140083016,64.71479229080869,3.0695446184836328e-15,4.048137501509961e-13,-3.922190309944212e-12,1.9218131937512396e-17,-1.4862925742989552e-14,8,,5.7e+16,0.05951862562648902,gudmundsson_2000,True,0.009151631278900665,600.0,1,
cross-D1-gO0.19-gM0.001,cross,1,1,10.0,500.0,0.26840333374843967,0.14754581056128263,1,0.19,0.001,10000000.0,8.040020460443987e+16,3.60821014502877,0.21901811399122328,6.312019940286626e+16,3.2028525950178562e+19,500.00000000000006,49.35963902376349,362.7878127244585,0.3956121173828745,21.304217989660106,66.15271814473508,1.1368683772161603e-16,1.3282853081527688e-14,-1.395061762204026e-14,6.297233666530553e-17,0.0,8,,5.7e+16,0.10737191934853074,gudmundsson_2000,True,0.009407153324768597,600.0,1,
cross-D1-gO0.19-gM0.007,cross,1,1,10.0,500.0,0.26825425983788903,0.14733698255684996,1,0.19,0.007,10000000.0,7.99110869820786e+16,3.606559625264267,0.2169424976118148,6.274532907656558e+16,3.1888507114346725e+19,500.00000000000017,49.24413377718432,363.71669199444455,0.3930255307054929,21.09932268128745,65.54682601637839,3.410605131648481e-16,1.6475281312395855e-14,-2.118427120383876e-14,-5.2459737828144897e-17,0.0,8,,5.7e+16,0.10079524695729103,gudmundsson_2000,True,0.009336207334161559,600.0,1,
cross-D1-gO0.19-gM0.03,cross,1,1,10.0,500.0,0.26792165117425704,0.1468244026990249,1,0.19,0.03,10000000.0,7.86442018842314e+16,3.602196891589867,0.21120205565708508,6.175515238971438e+16,3.1519967585641337e+19,500.0000000000001,48.942263888581806,366.11797438303955,0.38632673582140886,20.570752280892297,63.98268271166507,2.2737367544323206e-16,5.931087074914833e-14,-6.259693795959789e-13,1.197456036104245e-17,-2.239618947573768e-15,8,,5.7e+16,0.0834237261353401,gudmundsson_2000,True,0.009152789194322263,600.0,1,
cross-D2-gO0.15-gM0.001,cross,1,1,10.0,500.0,0.2669781057234306,0.14677069229336773,2,0.15,0.001,10000000.0,7.979567211996718e+16,3.61413726212814,0.22604908420798833,6.425442128233805e+16,3.062354467281534e+19,500.0000000000002,49.12103484262592,363.7907914230121,0.3932824692567289,21.107854427474656,65.58703683763083,4.547473508864641e-16,1.477205200105821e-14,1.1625514685033712e-15,-1.3415662300376086e-17,2.0360172250670616e-16,8,,5.7e+16,0.1272705488129482,gudmundsson_2000,True,0.009411856231284049,600.0,1,
cross-D2-gO0.15-gM0.007,cross,1,1,10.0,500.0,0.2668320319143626,0.14656033170949323,2,0.15,0.007,10000000.0,7.930083490464467e+16,3.612396560546274,0.2238661723049056,6.385695343984062e+16,3.04843585921512e+19,499.9999999999998,49.005928308525476,364.731096431522,0.3906553604619874,20.90007714363139,64.97224275585891,-4.547473508864641e-16,1.3323774675692984e-14,-8.00868789413427e-15,-4.250228333392337e-17,2.0360172250670616e-16,8,,5.7e+16,0.12029742876913385,gudmundsson_2000,True,0.009338731698457009,600.0,1,
cross-D2-gO0.15-gM0.03,cross,1,1,10.0,500.0,0.2665018915400077,0.14602892131408177,2,0.15,0.03,10000000.0,7.79741971198893e+16,3.607628618649904,0.21759509404136235,6.27694343375286e+16,3.0105063616156836e+19,500.0000000000004,48.69420319338688,367.2470936009525,0.3836130237934026,20.34537936066319,63.3297108212044,7.958078640513122e-16,2.2322828182347885e-14,-1.7489940981703214e-13,4.114397367989966e-18,-6.108051675201186e-16,8,,5.7e+16,0.10121814627243153,gudmundsson_2000,True,0.009143094918666885,600.0,1,
cross-D2-gO0.17-gM0.001,cross,1,1,10.0,500.0,0.26442048023962195,0.14537893801432655,2,0.17,0.001,10000000.0,7.875494683144216e+16,3.624542071733988,0.23885243895468258,6.626799298225864e+16,2.817724487530806e+19,500.0000000000001,48.71347036702928,365.519093044024,0.38927059232902655,20.768589826977852,64.60957616963996,2.2737367544323206e-16,1.0906683723397916e-14,1.8084133954496885e-15,-1.9538104759508174e-17,0.0,8,,5.7e+16,0.1625963681098006,gudmundsson_2000,True,0.009419985023719483,600.0,1,
cross-D2-gO0.17-gM0.007,cross,1,1,10.0,500.0,0.26428421663381124,0.14517154023677756,2,0.17,0.007,10000000.0,7.826222231514826e+16,3.622679630790758,0.23652396090206826,6.5838762185624904e+16,2.8043546789679534e+19,499.99999999999966,48.60203492561771,366.45625857961454,0.38663637753892593,20.560851483580482,63.994218633647975,-6.821210263296962e-16,1.7020703769164512e-14,-7.750343123355802e-16,3.552122990525139e-17,2.0360172250670616e-16,8,,5.7e+16,0.15506600325657716,gudmundsson_2000,True,0.009344751179592787,600.0,1,
cross-D2-gO0.17-gM0.03,cross,1,1,10.0,500.0,0.26398658996711943,0.1446525507333857,2,0.17,0.03,10000000.0,7.694537769386165e+16,3.6175912580872733,0.2298460691038284,6.4668073610989864e+16,2.7680588282046886e+19,499.99999999999915,48.30073175580506,368.9563477659739,0.3795968845592366,20.007998133924552,62.35532545973642,-1.7053025658242404e-15,2.108455081532168e-14,-5.68358495712756e-15,-8.916214188568092e-18,0.0,8,,5.7e+16,0.1345276072103485,gudmundsson_2000,True,0.009144150747254323,600.0,1,
cross-D2-gO0.19-gM0.001,cross,1,1,10.0,500.0,0.2622427765109621,0.14419298909014952,2,0.19,0.001,10000000.0,7.790942919987584e+16,3.633184469653261,0.24994318836681895,6.796219816311812e+16,2.6166490106252743e+19,500.0000000000003,48.38630664094203,366.9237014833775,0.3860095769663637,20.49185642196569,63.812125876748674,5.684341886080802e-16,2.1061074704395548e-14,-1.6792410100604223e-15,-1.797040032637565e-17,0.0,8,,5.7e+16,0.19231926601961624,gudmundsson_2000,True,0.009426499302386235,600.0,1,
cross-D2-gO0.19-gM0.007,cross,1,1,10.0,500.0,0.2621157452170109,0.14398871395031568,2,0.19,0.007,10000000.0,7.74186901641669e+16,3.6312170435687334,0.24748464266956963,6.750531782684313e+16,2.6037914407079543e+19,499.99999999999943,48.278044716874085,367.8577220637899,0.3833704508078797,20.284257932226616,63.19660483630099,-1.1368683772161603e-15,1.977665289197824e-14,9.042066977248442e-16,-7.927478609935422e-18,-2.0360172250670616e-16,8,,5.7e+16,0.18430382152356373,gudmundsson_2000,True,0.009349504204705827,600.0,1,
cross-D2-gO0.19-gM0.03,cross,1,1,10.0,500.0,0.2618481302862041,0.14348188982026064,2,0.19,0.03,10000000.0,7.611054773256072e+16,3.625853026613497,0.2404439336951788,6.6262483253273e+16,2.5689951026021134e+19,500.0000000000005,47.98563321594138,370.34332511663206,0.37633590205775264,19.733204403229973,61.56150136213935,1.0231815394945442e-15,1.590323664235663e-14,-2.583447707785269e-16,4.965000468457894e-18,-4.072034450134123e-16,8,,5.7e+16,0.162499706197772,gudmundsson_2000,True,0.00914478271165197,600.0,1,
ion-temperature-300,ion_temperature,1,1,10.0,500.0,0.26892340663948133,0.1476967729193864,1,0.17,0.007,10000000.0,8.084723805571579e+16,3.597167484709073,0.2079240954771058,6.135160135612713e+16,3.369535172998634e+19,499.9999999999998,49.5109525953656,362.68478772579283,0.3965942881850957,21.28775608409971,66.11990930655654,-4.547473508864641e-16,1.3995051891604103e-14,-8.099108563906164e-14,-4.775947333437584e-17,-6.108051675201186e-16,8,,5.7e+16,0.07634388344082677,gudmundsson_2000,True,0.009331902167993279,300.0,1,
ion-temperature-1200,ion_temperature,1,1,10.0,500.0,0.27227282142051235,0.1495346594373553,1,0.17,0.007,10000000.0,8.039275706210304e+16,3.6028448039588827,0.2090897305855283,6.1282503090528056e+16,3.3689251679596753e+19,500.0000000000005,49.63797958911361,361.8803016718187,0.3949872581460287,21.485946166392157,66.60078531453003,1.0231815394945442e-15,2.729210781808088e-14,-1.0140032253056154e-13,-6.606727470287276e-17,-4.072034450134123e-16,8,,5.7e+16,0.07513163316715898,gudmundsson_2000,True,0.009330988355863363,1200.0,1,
cross-section-0.5,cross_section,1,1,10.0,500.0,0.31549315283964896,0.18895389545746813,1,0.17,0.007,10000000.0,7.425003362803653e+16,3.683688816230033,0.22586758830810633,5.9994973534789784e+16,3.3589804852517212e+19,499.99999999999966,51.40700836703903,350.5851372358937,0.37299258510981836,24.319335585075542,73.31552622688156,-6.821210263296962e-16,2.487291964555642e-14,-1.6792410100604223e-15,-1.8883065255227766e-17,0.0,8,,5.7e+16,0.052543395347189215,gudmundsson_2000,True,0.0186357945074805,600.0,0.5,
cross-section-2,cross_section,1,1,10.0,500.0,0.21865470066580178,0.11228679623319977,1,0.17,0.007,10000000.0,8.892114736999485e+16,3.502179406536169,0.18874827218730797,6.196874126089364e+16,3.376725156271867e+19,499.99999999999994,47.31839922863603,376.2942784410303,0.42468219751973035,18.01325175318664,57.94938837962721,-1.1368683772161603e-16,1.9346301302224305e-14,7.750343123355808e-16,-4.138882533601343e-18,-2.0360172250670616e-16,9,,5.7e+16,0.08717089931392352,gudmundsson_2000,True,0.004673527364688139,600.0,2,
electron-nu-0,electron_nu,1,1,10.0,500.0,0.27008242483284517,0.14833305193374705,1,0.17,0.007,0.0,8.076404162210894e+16,3.5990942865055944,0.20810622943841825,6.1342383462022184e+16,3.3715882382358282e+19,500.0000000000003,49.601434920125875,362.68109171076594,0.0,21.374365701548026,66.34310766756046,5.684341886080802e-16,1.6610978215575606e-14,-5.2831505624205964e-14,-2.241944689694612e-17,-2.0360172250670616e-16,8,,5.7e+16,0.07618216600038918,gudmundsson_2000,True,0.009331751886987602,600.0,1,
electron-nu-1e+08,electron_nu,1,1,10.0,500.0,0.2696343743687251,0.1480842214405774,1,0.17,0.007,100000000.0,8.008407104308787e+16,3.5987399385101257,0.2101640734030452,6.120775968192559e+16,3.349175403312411e+19,500.00000000000057,49.12433873002369,360.05516857896527,3.930223191525982,21.170235902888596,65.72003359659702,1.1368683772161603e-15,1.973256413876487e-14,-9.300411748026105e-14,2.281319264767799e-17,-2.0360172250670616e-16,8,,5.7e+16,0.07382034529694015,gudmundsson_2000,True,0.009330222727871939,600.0,1,
